sku,order_count,weighted_order_count,degree,weighted_degree
000826-24-TR,1,0.02917894821759449,0,0.0
000833-24-BU,1,0.03075761711315822,0,0.0
000833-24-FX,1,0.034015355133765995,0,0.0
000840-24-BU,1,0.028034320193367157,0,0.0
001014-24-BO,1,0.03349949663902523,5,4.4058167761095275
001014-BO,1,0.00195771496131106,2,2.0
001014-BU,1,0.00195771496131106,2,2.0
001267-BU,1,0.0019435479221830824,0,0.0
001304-PG,1,0.002071760040133397,1,1.0
001530,1,0.0005251435146500801,2,0.7180837574002492
0021729,1,0.0009155422917771095,0,0.0
0021780,8,0.07918193475609794,8,2.583043813652302
0040387,1,0.8898177252884524,0,0.0
0042608,1,0.0004505220900392511,0,0.0
005041,1,0.029736107816674195,3,3.0
005820-P,1,0.0002806010042537622,3,1.0431357763247582
007.689J,2,0.25467065071681705,0,0.0
0072642,1,0.08621446139343453,7,6.153497798208338
008.6651,1,0.0002880620059947075,0,0.0
008.8357,2,0.0009072904789814954,7,4.188169549657223
0088922,2,1.8123477701598996,0,0.0
0088931,1,0.6808901134823816,0,0.0
0088932,1,0.7080411679998985,0,0.0
0114439,2,0.0005189261369446193,5,3.0942971641835477
012234000,3,0.006527470343472771,8,1.6994730369604456
013232,3,0.04451649420718351,0,0.0
014521,7,0.35907569883080853,1,0.23240064336699115
015255-24-BU,1,0.06576685304769617,0,0.0
015255-24-GN,1,0.030003854677361063,1,0.5177246738351966
016367,1,0.00011354065703112624,0,0.0
01922-GD,1,0.08806382138914978,1,0.5229361159149563
01936,4,0.4361227342571582,1,0.01965425661103705
01959WD,4,0.000580382456494449,0,0.0
02-3660BLA,1,0.496928642196187,5,4.131289065126346
02822-BK,1,0.5014608368502225,2,2.0
02822-RE,1,0.5014608368502225,2,2.0
02822-YE,1,0.5014608368502225,2,2.0
02852,1,0.0001539895190553684,0,0.0
03123-MV,1,0.1390059027568159,0,0.0
03123-WH,2,1.075934759788829,10,8.583946259379347
03239,4,0.00919348840697834,10,3.3978811074862394
03256,1,0.7414750410503805,0,0.0
04-182103,1,0.00018445090668905585,0,0.0
04-2026-1NT,6,0.0017207284782706864,0,0.0
04-2026-1RD,4,0.0009541250211838527,0,0.0
04-2026-1SC,5,0.0018545378665984695,10,3.5689914282760564
04-22750,4,0.002517094037680307,6,0.7525653019034761
04-58104,1,0.0036881595007582325,0,0.0
04-DR-3,10,0.0035718483124550387,7,1.045841916664681
04-DR-4T,3,0.0002788698636588063,1,0.5289325877010514
04-DS-2,2,0.0001804446118482965,1,0.41851956730343726
04-ST104-1,2,0.0010024322375098238,1,0.2769155025142008
04-TH7-2B,1,0.000965890845217593,0,0.0
04-TH7-2R,2,0.00045916976287336544,0,0.0
04-TH8-4,2,0.09613867580922471,0,0.0
04-TH8-5,3,0.009023129700073358,0,0.0
04-UKU,1,7.112711550957494e-05,0,0.0
04-UKU-02BL,17,0.011214155191882078,7,0.7240638263919411
04-UKU-02PK,12,0.02237260114104348,8,1.5340282566913952
04-UKU-02RD,18,0.014980975530918029,4,0.5023738904547528
04412-GN,1,0.05823633401703041,3,3.0
04412-MV,1,0.05823633401703041,3,3.0
04412-RE,1,0.05823633401703041,3,3.0
04412-TR,1,0.05823633401703041,3,3.0
04620,2,0.5329200031487479,0,0.0
0480905,1,0.0015055465882183431,2,1.5046803547097407
0481201,2,0.002372113409017427,3,1.2809568190227412
0482493,4,0.3138893930008645,6,0.8526240356750326
0482510,1,0.025526366185097633,2,1.3433093630980308
0482625,1,0.009416886559044218,0,0.0
0482660,1,0.050954531797245316,2,1.8626109175200036
0482667,1,0.005215090267490455,1,0.41212907796341175
0482668,1,0.10698174417820452,0,0.0
0482683,1,0.014911319268865096,2,1.3459199028006887
0484105,2,0.002465891436515804,8,3.9014403928435963
0484151,1,0.005197998158930538,0,0.0
0484181-B,3,0.0016357484211652405,1,0.2958531004764532
0484181-PB,2,0.0009894339312547244,1,0.3549323345626526
0484184,3,0.0017114933661009106,21,7.86163398751157
0484196,4,0.7215121231908053,5,0.6670852438025197
0484208-BU,4,0.017880405339245165,2,0.20823368679197812
0484208-GN,3,0.01455654265467241,5,2.0992804660042275
0484209,1,0.005509464116030321,2,0.6890085288866452
0484230,1,0.005970601711431973,3,1.8868080410707815
049.41788,4,0.13762576869373844,6,0.5153428578313405
05-045,1,0.26365744383149053,8,6.517405794394668
05-07427,1,0.00046138137761285816,0,0.0
05-07465,1,0.655773894160953,1,0.7181033392022381
05-08040,1,0.00018773493198889443,0,0.0
05-10052,1,0.4734156291448729,0,0.0
05-11844,1,0.00012522069119028884,0,0.0
05-12336,3,0.0011503949996998493,2,1.3206282961432014
05-12516,1,0.0004974058273550317,2,2.0
05-12523,1,0.00012260198279363403,0,0.0
05-12993,2,0.18824134175467544,1,0.7918601845088244
05-13338,1,0.12285307132410676,0,0.0
05-13348,1,0.12289808900483809,5,4.312175814431994
05-15018,1,0.00021479802291826748,0,0.0
05-15025,1,0.0001825973237610395,0,0.0
05-15026,2,0.8095943189722109,0,0.0
05-15103,1,0.0001961033091186962,0,0.0
05-15252,1,0.0001902668120986793,0,0.0
05-15587,2,0.00034360033960723025,0,0.0
05-15614,2,0.0006964237470955949,0,0.0
05-15743,2,0.00040272377149370634,0,0.0
05-15758,1,0.00017125554056981646,0,0.0
05-15805,1,0.0001751976534653806,0,0.0
05-16003,3,0.0005745683268319026,0,0.0
05-16207,1,0.0002174947573392089,0,0.0
05-16290,2,0.00029126858200952425,0,0.0
05-16300,1,5.838222004191114e-05,0,0.0
05-16451,2,0.0003887111817908295,0,0.0
05-16463,1,0.000171016631167994,0,0.0
05-16520,2,0.22327427196464816,0,0.0
05-16690,1,0.000189693208682061,0,0.0
05-20774,1,0.00012770242275288995,0,0.0
05-21135,2,0.0006315795838671398,0,0.0
05-21436,1,0.00042449249156351103,3,1.9087824464828085
05-22314,1,0.00018469557731762328,0,0.0
05-22367,1,0.12160628446092066,0,0.0
05-24394,1,0.029736107816674195,3,3.0
05-27088,2,0.25643844508977726,2,1.202152072815782
0500944,3,0.007225224705537242,1,0.09924688282675165
0500945,4,0.024660415420084295,2,0.23347139083363747
0500981,1,0.0052713708544955195,0,0.0
0500991,3,0.036183559256406525,1,0.3843830716000963
0504030,1,0.005191896309323045,0,0.0
0506-BU,1,0.012612253726343154,5,3.7056903323234613
0506007,1,0.005173358484225171,4,3.2311251801612446
0506017,2,0.04041431130630867,0,0.0
0506053,1,0.012318803804361657,8,5.943213527842432
0506054,1,0.004997667704028993,3,1.9256424516147288
0506058,5,2.2510134616023207,0,0.0
0506067,1,0.007639949028646705,1,0.05770008917355362
0508024,1,0.004992396193978191,0,0.0
0508042,1,0.007223937381985365,0,0.0
0508045,3,0.8476529326444227,3,0.8915988029408517
0508064,1,0.051157180517942435,2,0.7529464686296901
0508131,2,0.06450246488979475,0,0.0
0508244,3,0.603917452319896,2,0.37975888053440093
0508447,3,1.9642332411980026,1,0.4826933431886196
0510908,1,0.08350935330558563,0,0.0
0560384,2,1.301278765848496,14,9.041481594845758
0561051,1,0.0003455740740778355,0,0.0
0561498,1,0.020733508728663596,0,0.0
0561597,1,0.013445711010222022,0,0.0
0562041,3,0.1690172656831327,8,1.4523504608291211
0562081,3,0.1407597927485072,16,6.480371110385523
0562379,2,0.010881694238068514,13,3.9465782156633873
0562403,1,0.08403844023891971,1,0.9817119893663506
0562533,1,0.0004949339409277573,4,1.588407561241374
0562563,1,0.0003311958267117205,0,0.0
0562564,1,0.0004382997235960612,0,0.0
0562655,1,0.10205285567060637,0,0.0
0562688,4,0.1359474655352425,3,0.6204079060411047
0562689,4,0.018312443208916306,4,1.3938983773204445
0562690,7,0.06296337873843844,2,0.7373272821810312
0562691,4,0.1818621566016219,2,0.2570483528403036
0562692,4,0.05816516330715847,2,0.8204559594275262
0562693,2,0.11402634273975265,1,0.5041589305732184
0562743,1,0.007144408591705148,3,1.9355674825168994
0562745,2,0.02050434229011257,2,1.1090892666154628
0562870,2,0.01156889459168818,4,1.9666319216591255
0562895,1,0.00197235338183682,4,3.242915888859552
0562939,1,0.011997256383089622,0,0.0
0562981,1,0.07278852324828636,0,0.0
0563029,2,0.039629826289062,3,1.520888770053999
0563110,3,1.0116964049797286,13,1.9437395787368865
0563181,1,0.004957687958442479,2,0.9956959409534711
0563200,3,0.7278933689905088,4,2.29245789530976
0563201,1,0.006639542046693303,4,3.591722253973581
0563202,1,0.20527464716368962,2,1.0231539551663809
0563213,4,0.21657967556269592,2,0.6866187261960615
0563333,2,0.43247881259949195,2,0.5281917788801184
0563334,2,0.04032847403513654,2,1.0141615597050888
0563467,2,0.108333539460221,0,0.0
0563567,1,0.08548434975048066,0,0.0
0563651,4,0.3367665517194114,0,0.0
0563909,2,0.5916830795045878,1,0.02953323426444357
0564601,1,0.9986791807025982,0,0.0
0564602,2,1.6108378998999728,2,0.5465528421692606
0564603,1,0.6527850339617284,0,0.0
0564605,3,1.236996163501212,2,0.9508896163722644
0564606,1,0.48949373799442814,1,0.6313294879303014
0564607,4,1.2281035618734109,4,1.668683194800968
0564608,4,0.6833650657120458,2,0.3582428416289607
0570176,1,0.00017983059243665707,2,1.0776542754558625
0570673,1,0.00038005713565976825,0,0.0
0570674,1,0.00036175057656351886,0,0.0
0570680,1,0.0003160803632978628,0,0.0
0570681,1,0.0003104059234962604,0,0.0
0570746,1,0.0004203969950862721,0,0.0
0570825,1,0.002934825091459277,8,5.7671050119680185
0570826,1,0.0027978849625218453,0,0.0
0570828,1,0.0012216277419742454,0,0.0
0570829,1,0.0012894425881005975,0,0.0
0570895,1,0.020920706267545042,0,0.0
0570901,3,0.11104578100086897,0,0.0
0570919,1,0.08586100941578309,0,0.0
0570925,1,0.03824961820512562,1,1.0
0570926,1,0.021394650488747814,1,1.0
0574026,1,0.03044659378416016,1,0.22924815829221062
0574089,1,0.5276013008742927,0,0.0
0579447-B,1,0.0003519482725578812,1,0.5909030540791892
0579447-P,1,0.00036001530088552075,0,0.0
0579552,1,0.0006341278560100726,0,0.0
0579553,1,0.5349272370921859,0,0.0
0579699,1,0.0006968172586661938,2,1.1134264146661452
0579701,1,0.000308418672316646,0,0.0
0579763,1,0.00039242955917205726,0,0.0
0579773,1,0.005168827530511686,0,0.0
0579774,1,0.004581807365660602,2,1.0446634017885759
0579806,1,0.0003600170879983394,0,0.0
0579846,2,0.08809652528230326,6,2.8742370125491807
0579950,3,0.009595119078376794,1,0.12760911151057155
0579984,1,0.005037681048671655,0,0.0
0579986,2,0.015207606106417217,0,0.0
0579988,1,0.007852256017281138,1,0.622971436559676
0580074,1,0.01600565137355007,0,0.0
0580076,1,0.5462090161245539,0,0.0
0581440,2,0.02142188430176172,0,0.0
0581900,1,0.00031315895703073804,0,0.0
0582182,1,0.014531557683887511,0,0.0
0584001,1,0.005365567976002049,0,0.0
0584032-GN,1,0.005330707932878095,2,2.0
0584032-GY,1,0.005330707932878095,2,2.0
0584032-PI,1,0.005330707932878095,2,2.0
0584049-B,1,0.0014899415418331886,0,0.0
0584049-G,1,0.0020653692481180656,0,0.0
0584056,2,0.00972401214159206,1,0.44887763744050363
0584058,1,0.07827305383608946,0,0.0
0584348,1,0.06446331607575541,0,0.0
0584349,1,0.08799801088613365,0,0.0
0584350,1,0.0012933992783278644,0,0.0
0584485,1,0.005190249869631603,0,0.0
0584486,2,0.010008959436962062,3,1.6196372297343948
0584519,1,0.01991542885789583,0,0.0
0584520,1,0.03261088752479826,0,0.0
0584557-BG,1,0.08621446139343453,7,6.153497798208338
0584557-GG,2,0.1760693916771051,7,4.516058423151955
0584557-PB,2,0.15469087213204835,7,4.7830953572775154
0584557-SS,1,0.18026625449914457,0,0.0
0584561-DN,1,0.011744082872420868,0,0.0
0584561-LF,1,0.01225425486591463,2,1.0114766552547185
0584561-MT,1,0.00539315641026993,0,0.0
0584578,1,0.005051271478519583,1,0.7104048053597992
0584641,1,0.017033904867308765,0,0.0
0584642,1,0.07594752330322116,0,0.0
0584701,1,0.04966493025403798,0,0.0
0584703,1,0.005551075782005407,0,0.0
0584704,1,0.08424316282676338,1,1.0
0584711-BU,3,0.029772218912033188,6,2.1097192643755847
0584711-GN,5,0.06156040412195399,2,0.9629421391181203
0584711-PI,3,0.034256973711423416,5,1.4452305466817803
0584729,1,0.004757121658655555,0,0.0
0584730,2,0.02819235622961589,2,1.231546463651273
0584978,1,0.049512521914885914,1,1.0
0584979,1,0.020136481911813473,1,0.9372619644342259
0584982,1,0.031480649320276215,0,0.0
0584985,2,0.053155100430308536,2,1.8135803372294783
0584995,2,0.04737787756703899,0,0.0
0585032,1,0.8155376121526993,8,6.582080277627629
0585078,2,0.1625489699754274,0,0.0
0585085,1,0.020922211686409987,0,0.0
0585093,1,0.049512521914885914,1,1.0
0585094,2,0.1100185028742261,2,0.8873031939590952
0585105,1,0.03224520684853988,0,0.0
0585110,1,0.02798441298058915,0,0.0
0585204-B,1,0.15284005184028354,0,0.0
0620620,1,0.9084592536710895,10,9.260610344693472
0620628,1,0.8206976957596528,0,0.0
0620701,1,0.00641640280873068,4,2.604417016556193
0620706,1,0.00961308673695026,0,0.0
0621007,1,0.00018746137195965062,2,1.7064765067399772
0621008,1,0.00021196305755874612,0,0.0
0621012,1,0.00045884812488176436,3,3.0
0621092,4,0.0018608438041241937,5,2.211163219284974
0621093,1,0.0019572113212077275,3,3.0
0621094,6,0.22983338315538981,1,0.040197812548712464
0621095,1,0.00018095546200141648,6,2.2736439859518347
0621144,1,0.00012016457145150734,0,0.0
0621149,1,0.00012401525526835653,0,0.0
0621150,1,0.001958886896684817,0,0.0
0621161,2,0.0008550797755566037,0,0.0
0621162,2,0.0008903762011613708,0,0.0
0621427,2,0.0002955676542926662,0,0.0
0621465,5,0.5762690467147731,19,4.618210548429206
0621466,6,0.4958060342677475,5,0.5110318417366781
0621467,1,0.00038990075804314447,0,0.0
0621471,1,0.0003106601994068717,2,1.6280828644113383
0621473,2,0.0007875021111163362,5,2.4414121407956757
0621488,3,0.4197861207796006,3,0.3490702078681867
0621489,7,0.11448674994834603,20,3.358823742835551
0621500,1,0.0003106601994068717,2,1.6280828644113383
0621617,2,0.010756647294629305,2,0.10767019526529689
0621625,1,0.003914720654790411,2,1.1178286963236146
0621720,3,0.3455805637419346,2,0.2199103120167208
0621760,2,0.025356357712126007,1,0.6972397773499718
0621776,1,0.00828643842172926,0,0.0
0621784,1,0.008508155304738465,1,0.5934422565801937
0621785,3,0.024158973305978444,3,1.2219290111413776
0621799,1,0.00641640280873068,4,2.604417016556193
0621801,1,0.007468394642708751,3,2.0197633686852114
0621802,1,0.006204422891116387,1,0.8067871569417274
0621803,1,0.008824774653445151,1,1.0
0621817,6,1.6137671281516508,4,0.440366391453028
0621818,1,0.03451421633058557,2,0.6020505311974935
0621833,2,0.6906099622644081,0,0.0
0621849,2,0.25773030939558383,1,0.41673210136390426
0621850,3,0.37963968580186713,2,0.6477358007546177
0621906,1,0.027455354719737597,0,0.0
0621944,1,0.0019380337566621297,1,1.0
0621948,1,0.0019380337566621297,1,1.0
0621949,1,0.004742572913106368,1,0.6760667260556025
0621966,7,0.692840392868983,14,2.559164740008446
0622041,3,0.04096173227900485,1,0.1853295955597951
0622048,1,0.012326823594666265,1,0.6972397773499718
0622051,1,0.17116243705236978,0,0.0
0622120,1,0.5009545210633847,1,1.0
0622123,1,0.5009545210633847,1,1.0
0622173,1,0.4573216780438901,1,0.07286356051976145
0622290,2,0.14752199990930526,3,0.9457675418926149
0622291,1,0.12691009934693434,0,0.0
0622326,1,0.028773756797064908,2,0.5596909144117246
0622327,2,0.11445174637648516,4,1.827970057316777
0622328,2,0.09816061280363785,4,1.9471459029156908
0622329,1,0.04035763407993148,2,1.3021845134415826
0622341,2,0.4185595343015116,2,0.5863631453582145
0622342,1,0.08621446139343453,7,6.153497798208338
0622344,1,0.09918834521500734,1,1.0
0622388,1,0.12433289033380779,1,0.6939026850357047
0622404-B,1,0.031329644415180276,2,1.2139249038538518
0622405,3,0.7908954866557426,0,0.0
0622406,1,0.031329644415180276,2,1.2139249038538518
0622455,1,0.05842214238901132,0,0.0
0622705,2,1.2175384897184034,0,0.0
0622706,2,0.2540622335800016,0,0.0
0622714-C,1,0.49595571251932835,1,0.24114999610045615
0622714-D,1,0.5011963201422857,1,0.8961213135663009
0622721,2,0.25664168519742725,0,0.0
0622743,1,0.29101661895152214,1,0.4619333580295598
0622748,1,0.15561837262005818,0,0.0
0622863,1,0.12452969882590026,0,0.0
0622905-GN,1,0.134861821634241,0,0.0
0646532,1,0.04856774213818285,3,1.9300706631522302
0646801,1,0.4334697871685947,0,0.0
0646939,1,0.345352915029618,0,0.0
0658241,1,0.00016331569606308117,0,0.0
0658243,3,0.0005478520580271258,3,0.5500951069519258
0658244,1,0.00020638711216376085,0,0.0
0658261,1,0.01067187680833589,2,1.8671377022696005
07-1401,1,0.0004948483502260406,6,5.9170473046579275
08-180015D,2,0.001591741143272253,3,1.209032718967814
08511,1,0.0023309770545606847,3,2.914876078383419
08517,1,0.0023309770545606847,3,2.914876078383419
08540,1,0.0004920829204718659,3,1.5163163918891114
099000041,1,0.002364616480319355,0,0.0
099000306,2,0.002822783151274542,0,0.0
1.F2308,5,2.8405611815166605,1,0.21423326944112084
1000-14504,1,0.01929902925460398,2,1.2428556667397468
100018,2,0.7852240811068478,11,3.7415162664486554
10019-02,1,0.6900536934756553,0,0.0
10019-09,1,0.526463356756386,0,0.0
100301000,1,0.08748414265328983,3,2.7051559730528756
100301010,1,0.00213518580037683,7,4.632431747330252
100422,1,0.26365744383149053,8,6.517405794394668
100425,1,0.000701988774931344,4,0.6508381750752995
10050590009,1,0.004295228859155292,0,0.0
100523,2,0.054716259206368065,4,2.1081775822961926
100524,1,0.002136993744740678,1,0.942735864075282
100541,2,0.12712637460695966,3,1.5959511932868002
100544,1,0.00042449249156351103,3,1.9087824464828085
100556,1,0.00047541144095983713,10,6.537689408545883
100570,1,0.0004605187062056664,3,2.192988876679964
100576,2,0.00036840632340490236,9,5.995857727931445
100707,1,0.0002549131231487793,1,1.0
100712,1,0.14118595583343566,1,0.9980333470883871
100713,1,0.000318982329528796,3,0.8658772492644577
100721,2,0.14174292588675694,4,1.0345843871870721
100729,3,0.00781955225303968,21,12.385646591229493
100740,1,0.0004510456282643073,3,1.7595054805578276
100744,1,0.0029637156395870335,4,2.5860683092827523
100781,1,0.0027872424648795694,0,0.0
100783,1,0.0029637156395870335,4,2.5860683092827523
100796,2,0.032187648823827235,2,0.6447052203540998
100904,2,0.00891789035973867,7,2.716750507937181
100908,2,0.017979565457022114,5,1.401195761761411
101278,1,0.6998294850579543,2,1.6981611961157324
10199669,2,0.129883779369985,4,1.640772363284404
102-03020,4,1.1210538965915444,7,1.3784523258926213
102-13062,1,0.0004929442133286986,0,0.0
1023-62690,6,0.0024454540222970463,4,0.8493032570246357
1023-63021,2,0.0037332830067360657,2,1.3508817603244418
1026-63298,1,0.19374551701863818,0,0.0
1027-64109,1,0.8439228923743471,0,0.0
1031957,1,0.007694839855929096,0,0.0
1033-14706,1,0.02615249230124199,2,0.36539526139197276
1038-21053,1,0.0668186769293981,3,1.125047951569205
1038-21063,1,0.8986369348791146,0,0.0
1038-31001,1,0.4144590127878283,0,0.0
10390010001,1,0.05000947643883509,0,0.0
10390010002,2,0.06783444298147037,0,0.0
10390010013,2,0.021443941660145727,0,0.0
10390020003,2,0.005578217222302582,2,1.0599756390745207
10390020006,1,0.0037341684504929883,0,0.0
10390020012,2,0.016758386206607315,0,0.0
10390020013,2,0.4897058738010374,0,0.0
10390030011,2,0.008924914305358984,1,0.6939122527015297
10390040001,2,0.5942665293877643,0,0.0
10390040002,3,0.553902789994686,0,0.0
10390040012,1,0.023134592995657607,0,0.0
10390040013,3,0.25232233597370746,0,0.0
10390060008,1,0.40298865412333,0,0.0
10390060009,2,0.14276855675959169,1,0.2712406091102047
10390110002,1,0.04812488706344313,0,0.0
10390130021,2,0.859131818507772,1,0.040787509147602
10390140019,2,1.356343849362911,0,0.0
10390140021,2,0.9835989708722115,0,0.0
10390150003,1,0.01989582753150582,0,0.0
10390160005,2,0.23697203242704235,0,0.0
10390190003,1,0.01362727715713948,0,0.0
10390190004,2,0.24636897414560316,0,0.0
1040-20187,2,0.0002439029977207695,0,0.0
1040-23202,1,0.09257622192101424,0,0.0
1040-23207,1,0.03547335883182476,0,0.0
1040-23209,1,0.1449649614238232,0,0.0
1040-26478,2,0.5956225364531721,1,0.44916498504038965
10400040003,1,0.0017408627450156333,5,3.1229185634014036
10400040004,1,0.006421699287709622,0,0.0
104342528-V,1,0.47657055369213375,0,0.0
105005568,2,1.715680714267683,0,0.0
105312530,2,1.0890738867828076,4,2.662488967666939
106832436-O,1,0.8851677162454354,0,0.0
106832436-S,1,0.7745664317908001,1,0.6952504749527811
106832436-W,2,1.6024189902544113,1,0.6952504749527811
1080-08107,4,0.000775690216403054,2,0.741336098732318
1080-08191,6,0.0022469909254412314,17,6.0767591218920565
108118235,1,0.0022100214762435966,1,0.07860564586588886
108120701,1,0.006186327202435391,11,5.260903846289282
108120702,2,0.6368534284929279,5,0.6424124112969505
108127120,1,0.32124595561656505,0,0.0
1081546-GD,6,1.8595962357263403,23,6.788121446602818
1081546-RB,6,1.8595962357263403,23,6.788121446602818
108155536,1,0.0004576329746964751,0,0.0
108155538,1,0.12068039163457613,0,0.0
108174322-MV,1,0.1260093524550019,3,2.2490708988215844
108174322-PI,1,0.34174707616449435,0,0.0
108182714,3,0.34416180444179656,28,11.333435095881502
108187044,2,0.11344044628079719,16,9.821326458819344
108187101,1,0.005268712219589379,14,11.456065223478369
108187120,1,0.006186327202435391,11,5.260903846289282
108187130,1,0.48603903996438924,1,0.7062293906892755
108201738,2,0.0058646493180223806,0,0.0
108201744,1,0.024356533560001403,1,1.0
108201910,1,0.024356533560001403,1,1.0
108215679,5,0.5620526127541632,7,1.48319853874228
108215680,4,1.2544572199608002,13,1.1686515506931645
108517010,4,0.08048572427359801,17,3.7383511173767814
108517011,3,0.11349801772178811,24,10.303620853218854
108517012,1,0.006882734472216613,5,1.8834008985868276
108554201,1,0.0015055465882183431,2,1.5046803547097407
108583213,4,0.59865666609805,6,0.42780624018376273
109-14006,6,0.0983687314643098,10,1.4041467432072403
109-260001,2,0.00018677530069976356,2,0.4835187660220393
109-54007RB,2,0.0006416928842635422,3,0.8371316002943232
109-58001,1,0.001949894858675574,1,1.0
109-59201,4,0.0011573666663252029,6,1.2537709741461183
109-59302,1,0.0001239717072089538,1,0.5698841202602787
109-59401,1,0.00018416255297924595,0,0.0
109-59701,1,0.0004402686841039486,2,1.2266900912189618
1090-08081,2,0.013822028410924336,10,3.8667760269273193
1090-08082,3,0.0010560390364218967,22,9.252568040325201
109280150-PI,1,0.07944938566086744,0,0.0
109280150-RE,2,0.4704742538744221,1,0.4382093627987413
109280150-WH,2,1.3236431337305703,0,0.0
109281004-RE,1,0.013606039860539964,2,0.754060199592585
11-153,2,0.01996066310974437,10,3.208513922367845
11-50080,1,0.004807007280221655,8,5.61135952195984
11-50808,1,0.9876664780940517,1,0.9660357377548179
11-50952,1,0.0044955473653715316,2,1.0784601784398364
11-52126R,2,0.0012384650117210246,2,0.5942975708365406
11-52808,1,0.0001894237015959875,1,0.391498787358329
11-52907,1,0.0010338007477222481,2,0.43606922866385484
110-3068Z,2,0.0006775255483734202,1,0.7058697970272106
110-3099Z,1,0.00014162143515057552,0,0.0
110-BX1310Z,1,0.00029306245370032066,1,0.48665098145256447
110044,1,0.725075118593795,5,5.0
110228,1,0.29611830279331935,2,1.293877632658608
110297,2,0.5494401567101268,1,0.391742433047326
111058,1,0.09290254089772224,0,0.0
111272942,1,0.07911649457285024,4,2.8053533431376434
111368973,2,0.6527996056213148,1,0.3243059093188881
112925,1,0.08809944639866023,2,0.675696650035957
114945341,1,0.0020349053974180794,1,1.0
114945358,1,0.0020349053974180794,1,1.0
114951519-BU,1,0.09118669251131364,2,2.0
114951519-GN,1,0.09118669251131364,2,2.0
114951519-YE,1,0.09118669251131364,2,2.0
1171.6503.51,1,0.14377064853883909,0,0.0
1171.7703.01,2,0.3030130418800826,1,0.5656463270640977
1171.7703.02,2,0.2872806586855251,1,0.5656463270640977
1171.7703.04,2,0.23748420802645542,0,0.0
118261,1,0.07431803340787062,12,9.57542112654513
118263,1,0.07431803340787062,12,9.57542112654513
119001120,1,0.010601848701070464,0,0.0
1200-30300,3,0.0005540544543359272,1,0.409069121142133
1214030009,1,0.6998298847147499,0,0.0
12305891,1,0.308255170414549,0,0.0
12306255,1,0.8207945743925987,1,0.6920284033170858
12306377,2,1.1648828562608788,7,4.463459362351694
12307479,2,0.0009737307270049152,3,1.1020549332807772
12308668,1,0.005268712219589379,14,11.456065223478369
12308848,1,0.00012972335027423078,1,1.0
12309022,1,0.00012972335027423078,1,1.0
12309255,2,0.0003827428177670721,0,0.0
12309461,1,0.07431803340787062,12,9.57542112654513
12309710,1,0.004974501417269764,2,0.8033526939908451
12310086,1,0.0005849606384733248,0,0.0
12310098,1,0.0004969541195233993,7,4.068211978980469
12310114,1,0.0004756682208032311,4,1.5328369624718714
124-0560,1,0.4440217675152182,0,0.0
126003000,1,0.806487560929738,0,0.0
128275-113,1,0.0006317762540647997,5,5.0
128275-116,1,0.0006317762540647997,5,5.0
128275-126,1,0.0006317762540647997,5,5.0
128275-129,1,0.0006317762540647997,5,5.0
128275-144,1,0.0006317762540647997,5,5.0
128275-155,1,0.0006317762540647997,5,5.0
128568012,1,0.0105660379547062,2,0.9417653264646222
128641041,1,0.00705666020297016,2,1.0704065181429674
128653046,1,0.012612253726343154,5,3.7056903323234613
133008001,1,0.012318803804361657,8,5.943213527842432
133010018,2,0.004982249255175885,1,0.2662767132203051
133012000,2,1.4342845656143057,2,0.7276301914944584
133012100,1,0.47391819800991153,4,3.5049850776328086
133421730,2,0.17031980756146664,9,5.985532994642972
139000072,1,0.0012036788378700354,0,0.0
139125700,7,0.10708160949792692,29,10.690787926558649
139158100,4,0.023647182338917223,18,5.819151282992182
139158200,4,0.1413969812588935,16,2.525831777300396
14-70359,2,0.11892708579956521,5,0.8154769549508869
140-2444,1,0.00043104928159147114,3,2.404363411958528
140-2538,1,0.0003507515477085602,2,0.9514029026199786
140-301256,1,0.00029200824025383886,0,0.0
140-302212,1,0.0004969541195233993,7,4.068211978980469
140-302536,1,0.0006919794890675379,8,4.786190045758705
140-303537,1,0.001839969505409357,0,0.0
140-305780,1,0.002966896922056862,0,0.0
140-3283,1,0.00018329268120102302,0,0.0
140-4533,1,0.0007166759253824757,0,0.0
140-4981,1,0.00011334472870185128,0,0.0
140-5855,1,0.00671749595482946,0,0.0
142-SD04,2,0.0003880354236963971,6,3.3997017256486264
142-SD08,3,0.0007261944908417223,18,10.56636609008722
154626,2,1.2559114907787619,8,6.3411382225699775
154639,3,1.9512571469431326,8,4.403597903156985
154647,2,1.2559114907787619,8,6.3411382225699775
154661,3,1.8466615944017866,8,6.322780900805773
154673,1,0.6607990740851812,8,5.548436792287811
154678,2,1.2559114907787619,8,6.3411382225699775
155-1020Y,1,0.00044426764450331555,1,0.4233896038546474
155-1050R,1,0.00016593094950430743,1,1.0
155-1050T,1,0.00016593094950430743,1,1.0
155-5011E,1,0.00019042274030690867,2,1.0981489752395108
155-8091,1,6.502784852991643e-05,0,0.0
158-0055,1,0.0004524440439455849,2,1.8449585270293931
158-1021,2,0.0011920345022736162,1,0.7178807025032606
158-1022,1,0.0003314326689781007,0,0.0
158-4050,1,0.0002789631699466079,0,0.0
159-13982,3,0.0010592574997681655,3,1.627778893230077
159-14293,1,0.00017443324782125458,1,0.4301822508170247
159-14774,1,0.0002549131231487793,1,1.0
159-14811,1,0.11194879018603342,2,0.6709992986899533
159-15252,1,0.000402727250723858,0,0.0
16-01243B,2,0.0005014433149152186,1,0.19362238464474865
16-01816,1,0.00018307387358080263,2,0.4652368842813516
16-01833,2,0.14208527415472325,8,3.179020661269733
16-01958WD,1,0.030889513464852546,0,0.0
16-01962WD,1,0.030768905355891992,1,0.873474293828034
16-01979,4,0.0007858106742816164,8,2.0553414400588554
16-03061,1,0.00015808939810444436,0,0.0
16-03237,1,0.000433330119631174,2,1.6910926301352287
16-03459,2,0.05202163095537627,5,1.8006858141725337
16-03544WD,1,0.7404711923890415,1,0.3363152194072436
16-03634WD,2,0.0009186748626765035,0,0.0
16-03672,2,0.0338617786452385,3,1.386956130939416
16-120003A,1,0.03761290474681702,0,0.0
16-3063,2,0.0003450556539726657,0,0.0
16-400006B,1,0.02832771137663497,2,1.710808090176506
16-400007B,2,0.12513328928482065,2,0.6013697891588101
16/81002,2,0.00020887905843086112,1,0.7656982076770951
16/81006,1,0.2759519232952675,0,0.0
16/81201,1,0.00012104988421550305,0,0.0
16/81202,2,0.0009370635635920146,7,2.824813548118726
16/81205,1,0.022041624636813247,3,1.3745009927750234
16/81604,1,0.0001224644854696168,1,0.7656982076770951
16/82003,3,0.002632211314580253,6,1.9205488879075778
16/82301,2,0.005423823777576889,3,2.5844552237898415
16/85109,4,0.12269225061125444,5,1.2239364053114863
16/85109-YE,1,0.10177112046504036,1,0.31720260270570927
16/85110-BU,1,0.0006966055886210631,1,0.3677592291920601
16/88605,2,0.9031502036270928,0,0.0
16/88608,1,0.20910601238352156,0,0.0
16/88803,1,0.00043892924442534873,4,2.7073259284286637
16/89003,2,0.0011006440245728778,11,4.178730482465826
16/89006,1,0.009134600376589466,0,0.0
16/89007,1,0.0006919794890675379,8,4.786190045758705
16/91003,3,0.38358609676944855,0,0.0
16/92002,1,0.11644012121929441,0,0.0
16/92005,1,0.14551829418021553,0,0.0
16/92013,1,0.1236002240794648,0,0.0
160015,1,0.009866764031461491,2,1.0807141786529688
160020,1,0.002684319214538817,4,3.385037072824244
1607-01686,1,0.6921101497627579,1,0.4425315900824084
161010,1,0.5654098067478773,7,6.103342207259433
161015,1,0.6994506823368816,3,2.0290411370985124
161018,5,0.778659497700382,18,4.978103135083874
163-701C,1,0.007300956446424959,2,0.7516114001003263
1630.151,5,0.7853409635064681,7,1.0151647703676907
165073,1,0.1703369383522744,2,2.0
166-16625,2,0.0021024192798068083,5,2.5475844059792996
166-16632,1,0.006854914017696838,0,0.0
167100,1,0.1703369383522744,2,2.0
17101821-99,1,0.9084592536710895,10,9.260610344693472
172-03007,2,0.00013928742578201792,1,0.698599880550947
176-00011,1,0.07446075030349261,7,4.726629587046208
176-00426,1,0.0036730642250712682,1,1.0
176-00427,1,0.0036730642250712682,1,1.0
176-01073,1,0.49704577173236975,0,0.0
176-01076,2,0.680397829033122,0,0.0
176-01116,1,0.4614409680351977,1,1.0
176-01259,1,0.0018765470552299097,2,1.597946556492115
176-01612,1,0.49531955276788164,0,0.0
176-01674,1,0.9873291567036863,2,2.0
176-01680,1,0.0004895245327519003,1,0.029145706309236075
176-01683,2,0.0008838086794601407,4,2.246651470792521
176-01684,7,0.30920617470171424,25,2.935971931528518
176-01812,1,0.025666424150121745,3,1.6957722300347633
176-03118,1,0.0020387072743357376,0,0.0
176-03127,1,0.047630006346816745,2,1.239712722956641
176-03612,1,0.007725171126667748,0,0.0
176-03710,1,0.0008615886654831444,1,0.4868428196162549
176-03711,1,0.00603413330346696,3,2.4041476892166074
176-03712,1,0.00603413330346696,3,2.4041476892166074
176-04037,3,0.015186661272276733,0,0.0
176-04125,1,0.0001586930012519213,0,0.0
176-04517,1,0.01299699639300745,2,1.2252683544039527
176-04518,1,0.00014544386690105434,0,0.0
176-04622,1,0.0005636420331150803,0,0.0
176-04701,1,0.0013101868259664908,2,0.7589916533183676
176-04703,1,0.000495257327760193,0,0.0
176-04706,1,0.0019281683714041326,0,0.0
176-04808,2,0.0009870396880088316,4,0.8657807384957692
176-04809,1,0.010125243674282367,1,0.06642537206265915
176-05225,1,0.032006118415096034,1,1.0
176-05313,1,0.00046052388514916366,2,0.469798837617638
176-05561,1,0.7387744856039186,0,0.0
176-06081,1,0.00034786388268007905,2,0.839107365611342
176-06103,3,0.028334946134300563,3,0.29932861481437817
176-06123,1,0.009031854925170302,5,2.454590920541992
176-06202,1,0.0004959947794179346,1,0.12194640841289614
176-06207,2,0.30980580630335947,6,2.027058270843955
176-06418,2,0.0009898293611285565,5,2.723364539317343
176-06470,1,0.004685061280405021,1,0.22091363125119853
176-06589,1,0.11624125246170151,0,0.0
176-06592,1,0.0030846682722863545,0,0.0
176-06688,1,0.15083693836577627,0,0.0
176-07016,2,0.008135588836328093,4,2.2101932821909114
176-07112,1,0.0007193714764629081,15,10.65553473536184
176-07114,1,9.186550029561748e-05,4,1.8661416355654534
176-07135,1,0.11601514328593637,3,2.6125383176180077
176-07143,1,0.17180585600268045,0,0.0
176-07161,2,0.0009582680507585583,3,0.826234189787915
176-07162,1,0.0384663983732044,0,0.0
176-07212,3,0.11004171766840408,19,1.981874467125151
176-07232,1,0.004052558454846155,1,0.46348453218124147
176-07237,1,0.0007193714764629081,15,10.65553473536184
176-07254,1,0.007525229726539054,4,3.261505724839142
176-07256,1,8.082868412971664e-05,2,2.0
176-07930,1,0.0002552031616030916,2,1.0662787200171366
176-07931,2,0.0006686597101766799,4,1.987737107078329
176-07945,1,0.0011584920020281917,0,0.0
176-07954,1,0.446015257404572,1,1.0
176-07959,1,0.11938522658016786,2,1.3613154242653098
176-07966,1,0.643139018956366,1,0.47441735709332633
176-07971,1,0.029736107816674195,3,3.0
176-07979,1,0.12695365342480625,0,0.0
176-07990,1,0.002035155887522058,2,1.4777137876895945
176-07991,1,0.006923841125094169,6,5.56936812394245
176-08116,1,0.0004916797393689083,1,0.07881883691144737
176-08121,1,0.0004764823630173637,3,1.4379436417660696
176-08126,1,0.00048612633309165547,1,0.5934404120907807
176-08131,1,0.00051201799682783,1,1.0
176-08143,2,0.7334669829011156,0,0.0
176-08146,1,0.23987326214156424,0,0.0
176-08147,1,0.13983767228065702,8,6.142110569238839
176-08148,2,0.09663687330895585,5,0.9837970938861325
176-08152,1,0.00018385283420382613,5,1.9827898839305695
176-08162,2,0.0006863897253076652,4,2.250651267587065
176-08166,1,0.0002552031616030916,2,1.0662787200171366
176-08168,1,0.00023181458433255551,1,0.581145649338142
176-08170,2,0.001268461453209695,11,4.648797758047723
176-08178,2,0.011907510232304675,18,4.095676773183139
176-08179,2,0.0006441135245200964,5,1.5648662118892063
176-08186,1,0.006953869219396914,3,2.1390629452390106
176-08187,1,0.025666424150121745,3,1.6957722300347633
176-08195,1,0.446015257404572,1,1.0
176-08253,2,0.14806399919059882,3,1.982802232870245
176-08256,1,0.43096884944807207,0,0.0
176-08321,1,0.00044669069018986226,2,0.33620451470035084
176-08348,1,0.007104406662863704,1,0.18694312833185314
176-08351,1,0.0007193714764629081,15,10.65553473536184
176-08377,1,0.00012088729613805087,6,2.9959534681259417
176-08497,1,0.00017827472217636338,1,0.5634140791227014
176-08503,1,0.0004557049931946084,6,3.2751830538956046
176-08505,1,0.0018567224034818721,2,0.4967289282215541
176-08527,1,0.047960134142624164,5,3.675393927202252
176-08537,1,0.047960134142624164,5,3.675393927202252
176-08550,1,0.00046657578900503356,1,0.34822981484993115
176-08553,1,0.0011322497926063643,1,1.0
176-08557,2,0.004025491912108372,3,2.1231226256339264
176-08558,1,0.11708429170951315,0,0.0
176-08580,1,0.0519334021882253,2,1.5832457308532333
176-08597,1,0.8247091808506853,0,0.0
176-08622,2,0.018536252064935737,1,0.33136379612974964
176-08660,1,0.07208710946510462,0,0.0
176-08675,1,0.006923841125094169,6,5.56936812394245
176-08680,1,0.013776914690968303,4,3.778953605721034
176-08731,1,0.0029727496803698696,0,0.0
176-08734,1,0.12151762816946944,1,1.0
176-08737,1,0.7415245199793389,0,0.0
176-08754,1,0.17368879411563928,0,0.0
176-08755,2,0.052880497687392496,4,1.7320461723592964
176-08757,1,0.0006936878329284048,2,1.7804930534953787
176-08758,2,0.0005677057482627285,8,3.4053377772389273
176-08759,2,0.009176087177693387,10,4.162131390354118
176-08761,1,0.00012088729613805087,6,2.9959534681259417
176-08779,1,0.0004468184521246776,2,1.8871639870556134
176-08816,1,0.00017970943482519038,1,0.15329336525944143
176-08818,1,0.0004509735507236925,16,12.044050801349089
176-08841,2,0.00026680976078228164,5,1.4939116608255996
176-08844,1,0.00018597853731342932,4,3.0108768915911557
176-08881,1,0.0004509735507236925,16,12.044050801349089
176-08885,1,0.00012088729613805087,6,2.9959534681259417
176-08898,1,0.0017918921791674337,1,1.0
176-08953,1,0.0017918921791674337,1,1.0
176-08976,1,0.00017997635504413752,4,2.834177054504303
176-08997,1,0.0029848580242805905,0,0.0
176-09057,1,0.019580459171555428,3,1.9121280932336866
176-09061,1,0.0004509735507236925,16,12.044050801349089
176-09063,4,0.0015538970712729644,7,1.2734849294139052
176-09064,2,0.0006006278143764319,0,0.0
176-09093,1,4.8921045577122197e-05,2,1.0758674674317321
176-09100,2,0.0006610029938894223,10,5.089826264689062
176-09101,2,0.014883422236043997,0,0.0
176-09102,1,0.0004967210222657534,2,1.3931829898943728
176-09108,4,0.006768118686784758,8,2.647620747618158
176-09117,2,0.009708828261104365,3,0.24099122290031771
176-09230,2,0.028647458104476567,2,0.8398540265785928
176-09231,1,0.00011335429897943253,1,0.497838875236028
176-09232,1,0.0002489642632923453,1,0.07893865438062167
176-09372,1,0.12907402710507052,2,1.9514468330866848
176-09374,1,0.12907402710507052,2,1.9514468330866848
176-09376,1,0.019576873533165673,4,3.914192840156837
176-09377,1,0.019576873533165673,4,3.914192840156837
176-09378,1,0.0668186769293981,3,1.125047951569205
176-09381,2,0.1425836770592057,3,2.1531804425511605
176-09409,1,0.0009022670633883175,3,1.7242832169726752
176-09412,1,0.033925412150083094,2,2.0
176-09469,1,0.0006936878329284048,2,1.7804930534953787
176-09518,1,0.018298170803496938,4,1.769107710475243
176-09521,2,0.02043349107922935,7,3.7355093222459943
176-09523,1,0.006923841125094169,6,5.56936812394245
176-09550,1,0.028828540207065913,1,1.0
176-09552,1,0.028828540207065913,1,1.0
176-09654,1,0.00043380301652545605,1,0.021843122656503268
176-09657,2,0.0011387437147441476,3,2.0033035484877426
176-09660,1,0.019576873533165673,4,3.914192840156837
176-09690,1,0.0026696901542669167,1,1.0
176-09725,1,4.8921045577122197e-05,2,1.0758674674317321
176-09769,1,0.0025611169676460857,2,1.6558080892954847
176-09778,1,0.0004108405022073255,3,1.4360179281605525
176-09802,1,0.0004862710564634886,1,1.0
176-09807,1,0.00043176296644514833,2,0.0969356818738506
176-09809,4,0.023178875546071107,7,4.147343490960957
176-09810,2,0.002272895077940618,11,5.304371419500147
176-09823,1,0.014349970800640008,1,0.8008796685586436
176-09836,2,0.12894417754646118,11,3.232806353012464
176-09837,1,0.008126243195524756,4,3.05161420200007
176-09838,1,0.0018490442289232226,11,5.782936732219551
176-09854,1,0.009069531109700112,5,4.005199087095081
176-09857,1,0.008346927748848109,1,0.10034924114299698
176-09858,1,0.13599451202420662,0,0.0
176-09870,1,0.4058140341624615,4,3.573406665564576
1773910PL-00,1,0.03349949663902523,5,4.4058167761095275
18-21089-BK,1,0.3414657055596711,0,0.0
18-43016,1,0.7238556783208646,0,0.0
18-43034,1,0.12431127978360862,0,0.0
18-43035,1,0.8420486900003223,0,0.0
18-43041,1,0.9559678684973232,0,0.0
18/21056-B,1,0.01923530055660372,1,0.08373448828241561
18/21076-G,1,0.01859529915475531,0,0.0
18/21092,1,0.5009328011780734,0,0.0
18/21094G,3,0.008523222629787391,0,0.0
18/21094Y,3,0.09303182535800696,3,0.1373080285558088
18/21099-G,1,0.28448092900107175,0,0.0
18/21099-R,1,0.11770896168079945,2,1.3684988352325536
18/21100-R,1,0.02657034989199867,0,0.0
18/21101-GR,1,0.026753292584523528,0,0.0
18/22115,2,0.3172419687099338,2,0.9719763126151597
18/22124,1,0.00012351234990279851,4,2.054442054953281
18/22126,1,0.00044857789372260604,0,0.0
18/25097,1,0.00018632721818894556,0,0.0
18/26001,1,0.09828395964591731,0,0.0
18/26003,2,0.057412293904470064,2,1.1683510746342674
18/26010,2,0.8668366994536055,2,0.7369976704651072
18/26028,3,0.1320628251481292,2,0.31663772995538203
18/28024,1,0.7072675479288473,0,0.0
18/31216,1,0.12039123603319729,0,0.0
18/31801,33,5.994753310856786,19,0.5653318788075276
18/31802,12,6.594040377710318,2,0.3445601809734618
18/32083,1,0.007827330148665986,2,0.5039633508218913
18/32085,1,0.11381422351463898,1,0.569786183415016
18/32086,5,1.4680257090598177,20,5.65983671429818
18/32087,4,2.2693205540743504,1,0.4402685871910379
18/32088,2,1.291860628019757,1,0.1561420786527432
18/32089,2,0.6241288528689235,14,4.9396184787371435
18/32102-BU,1,0.006639542046693303,4,3.591722253973581
18/32202,3,0.042147581842935454,2,0.462411032193392
18/32203,13,2.74340695585256,2,0.12227087796251654
18/32205,2,0.26219626477346414,0,0.0
18/36100,3,0.02656387977992293,0,0.0
18/43100,1,0.0002728238584491843,0,0.0
18/51030-BMR,1,0.11494415870909053,0,0.0
18/51030-DM,1,0.11904933504733849,0,0.0
18/51030-DP,1,0.42890012863097254,1,1.0
18/51030-DX,1,0.42890012863097254,1,1.0
18/51030-KN,1,0.1367434193344339,0,0.0
18/51030-SG,1,0.1230975200655729,0,0.0
18/51030-YF,1,0.4857411536957968,6,5.610966331793462
18/51072-19,6,0.7755036606422214,1,0.1795454059793953
18/51072-DAKAR,12,1.7869575274674274,3,0.15553004326262732
18/51072-SX,28,0.8136181226690307,4,0.39356940849975103
1806,1,0.12344931808829102,0,0.0
182332,1,0.0002697219615982837,0,0.0
183-03026,1,0.0014106349799125183,0,0.0
183-11133,1,0.030688936490314258,1,0.42231797505714364
183-11139,1,0.0001662325581349626,1,1.0
183-13003,5,0.590104154764218,13,0.3922059129358281
183-23034,1,0.00010168778073986745,1,0.16984600220274645
183-23035,1,0.00020622634624190974,0,0.0
183-23046,2,0.0009320278544154733,4,1.6682795047646026
183-23047,2,0.0013773191160427053,5,1.7794619904841806
183-23052,2,0.0015342767936748392,4,1.511839651938549
183-23053,1,0.004721603872317851,2,1.6747646282034023
183-82101,2,0.023646870922953908,2,1.1347325978284615
183-82107,2,0.03126905589770547,1,0.39938491592477776
183-82205,1,0.012786719438825546,1,0.7353476819036837
183-82207,1,0.7446072405837264,0,0.0
183-82211,1,0.0029036670090500202,1,0.24441273580713774
183-YW16B100EN,1,0.7290773821510085,0,0.0
183-YW16B100GR,6,0.009541826010558408,4,1.5310130690451975
183801-BU,1,0.0883815335737064,5,3.7704152024981235
183801-RE,1,0.032993657111482104,4,1.382100991945633
186-089003,1,0.11524228663975498,2,1.3847088178797193
186-089017,1,0.14920922604933176,0,0.0
1867-25078,3,0.003114874038568939,0,0.0
19.20998,1,0.0008430809863311097,4,3.078638381445618
190075,1,0.6998294850579543,2,1.6981611961157324
190239,1,0.0819346051095955,10,7.975981965927833
191-10072,1,0.00047541144095983713,10,6.537689408545883
191-GT6809,1,6.649795410848856e-05,0,0.0
1910.1-063,1,0.011298942862053,0,0.0
1910.1-193,1,0.0007697855315227056,1,0.8981437075885809
1910.1-200,1,0.002891403669201159,0,0.0
1910.1-216,1,0.00018044609626188907,0,0.0
1910.1-233,2,0.014755169545763017,1,0.4458905212401717
1910.1-241-OR,1,0.7526234067675397,0,0.0
1910.17198,2,0.00037454482078144204,0,0.0
1910.18210-1,2,0.10358671340631495,2,1.5506038822453991
1910.19-142,2,0.0030642250014417186,0,0.0
1910.19119g,1,0.003097997215702235,0,0.0
1910.19144-WH,1,0.0030641389625950533,3,3.0
1910.19223,1,0.0029139341818231125,0,0.0
1910.1934,1,0.01169020694618442,3,1.2336338357240382
1910.2-1204,1,0.003027869269535998,0,0.0
1910.20004,5,0.0015447729300548147,4,1.5708912007877787
1910.20123b,2,0.002993182869629399,0,0.0
1910.20137,1,0.00018556715062072724,2,1.2494683545650824
1910.2015,2,0.005705428513009581,0,0.0
1910.20156-PBK,2,0.014949388984637057,0,0.0
1910.20156-PBU,1,0.0030641389625950533,3,3.0
1910.20156-RBU,1,0.049807851292779724,0,0.0
1910.20328,2,0.0009542849638433692,2,1.018918484178295
1910.20332,2,0.0009620731192336702,1,0.461204920715766
1910.22084-BU,1,0.011612065690689555,0,0.0
1910.22096-GY,1,0.0029263837091399046,0,0.0
1910.22098-RE,1,0.002952158465939485,0,0.0
1910.22102,1,0.00295282655112563,1,0.7039728163925205
1910.22103-MV,1,0.0030837393799777587,0,0.0
1910.22110-BG,1,0.00300387146913868,0,0.0
1910.22146-BU,1,0.003104735506073484,0,0.0
1910.22163,1,0.002981455516555185,0,0.0
1910.22164,2,0.005958352030165844,1,0.7039728163925205
1910.22198,2,0.7434357555247114,0,0.0
1910.22205,1,0.0029406497188063465,1,0.5451388612736864
1910.2223,1,0.0030044741777725506,0,0.0
1910.2405,1,0.05060490170315302,0,0.0
1910.24203,2,0.09635565558304651,3,1.6141481385435403
1910.24213,1,0.047456289398257454,0,0.0
1910.6-80001,2,0.023105862839642107,0,0.0
1910.9-09,2,0.0003725518034204059,2,1.4908992711921258
1910.9-11,1,0.0029592601381974626,0,0.0
1910.9-15,1,0.0007630161716477941,0,0.0
1910.9-20,1,0.00018124791049729374,0,0.0
1910.9-25,2,0.011935219860348251,0,0.0
19186-GN,1,0.6993488017405038,1,0.7008032576852357
19186-RE,1,0.05009602212832921,0,0.0
19186-YE,1,0.049101905860134604,0,0.0
2.9064E,3,1.7276064600863958,0,0.0
2.MY68-7A,4,2.8574834204639084,2,0.7135159384106825
20/96040,2,0.00035731648190765846,0,0.0
20/96066,1,0.00018597853731342932,4,3.0108768915911557
2006896-PP,1,0.00603413330346696,3,2.4041476892166074
2006896-TS,1,0.005858207486554417,0,0.0
201-207001,1,0.005558464328987046,0,0.0
20103975,2,0.0007730071372453388,1,0.6569549854074304
20103977,4,0.001791068840330209,3,1.336117832282822
20104005,2,0.0010528504816663614,2,0.9012161588298284
20104007,1,0.0004605233389297189,0,0.0
20104034,2,0.0008954739445388295,1,0.40615221442838784
20104036,2,0.000905345432366056,17,9.17348061898278
20104038,2,0.0009084073811764354,1,0.6820297404483135
20106636,2,0.019844283516943,1,0.37194291879007724
20106637,2,0.013157009556157435,8,3.9794154400777195
20107948,1,0.0004509735507236925,16,12.044050801349089
20107953,1,0.0004791094787584928,2,2.0
20108437,4,0.0016599447241092908,2,0.5487625260215552
20108453,3,0.0013620210292503104,2,0.7115738807100233
20108798,1,0.0004791094787584928,2,2.0
20109016,2,0.0008901520028629552,1,0.7056797040743116
20109020,1,0.000459267395251157,2,1.2027121740954254
20109045,4,0.001829178392355624,2,0.8526506740396416
20113143,1,0.0004791094787584928,2,2.0
20114714,2,0.0009329177330105205,2,1.0532081386158398
20115043,1,0.0011379895054844282,0,0.0
20115048,1,0.00045455655017968605,1,0.8456128922464172
20115151,2,0.0011166055682748774,1,0.4774224771789713
20115153,1,0.00047902167951860116,0,0.0
20118441,1,0.00042103969759422534,0,0.0
20118443,1,0.00045397522792365983,1,0.40590087327162505
20118444,1,0.0004225589259937243,1,0.6820297404483135
20118445,1,0.0005903730529651607,0,0.0
20118473,1,0.0004271201785904892,0,0.0
20119409,1,0.00038971041014950576,0,0.0
20119734,2,0.0008886089500610185,1,0.4774224771789713
20119738,1,0.00036573549214132184,0,0.0
20122089,1,0.00045477407612372047,1,1.0
20122091,1,0.00045477407612372047,1,1.0
20122575,1,0.011529863581322904,0,0.0
20124160,1,0.0020160584231195496,0,0.0
20124617,1,0.0018468873757623693,0,0.0
20127080,1,0.00044238802192887413,1,1.0
20127081,1,0.00044238802192887413,1,1.0
20127085,1,0.0018999852638965367,0,0.0
20127785,1,0.009866764031461491,2,1.0807141786529688
20130063,1,0.0018419528006944652,5,4.3408714866839
20130064,1,0.0018151906124138145,1,0.704588995974612
20130066,2,0.0036563732616773726,1,0.704588995974612
20130230,1,0.0018161786148826813,0,0.0
20130440,1,0.0018419528006944652,5,4.3408714866839
20130494,1,0.7271825625366823,1,1.0
20130494-lampada,1,0.7271825625366823,1,1.0
20131163,3,0.005377752316785561,1,0.43517125896212566
20131164,2,0.0035155013419257202,1,0.43517125896212566
20131166,1,0.0018471862900445877,0,0.0
20132747,1,0.0031704761804842406,0,0.0
20133253,1,0.001929719135907058,2,2.0
20133254,1,0.002209242999127145,1,1.0
20133255,1,0.001929719135907058,2,2.0
20133257,1,0.002209242999127145,1,1.0
20133577,1,0.01339497151399075,0,0.0
20134967,1,0.002001806655782233,0,0.0
20135101,1,0.001929719135907058,2,2.0
20135564,1,0.003037946178996099,0,0.0
20141495,1,0.30571378352819,3,2.269735661738815
20141509,2,0.2593357542582907,0,0.0
20141554,1,0.03199733916603291,1,1.0
20141556,1,0.03199733916603291,1,1.0
20141558,1,0.39121266536839033,0,0.0
20141559,1,0.30571378352819,3,2.269735661738815
20143007,2,0.0633687414038418,1,0.7066743600492653
20143008,1,0.03164563029480354,1,0.7066743600492653
20143009,1,0.07632831249725577,0,0.0
20143010,2,0.10717716764999424,0,0.0
20143011,3,0.1110069325357056,0,0.0
20143012,2,0.12115830969189689,0,0.0
20143455,1,0.02929407552119328,5,2.81040314896478
20143456,1,0.24252953444356018,1,0.5731445090376691
20144469,1,0.1422253752124593,0,0.0
20144470,1,0.4735801178867451,0,0.0
20144473,2,0.6177117636595898,0,0.0
20144777,1,0.19479894904050046,1,1.0
20144780,2,0.0945636931962694,0,0.0
20149405,2,1.4644432339414952,2,1.2438941355000006
20149406,3,2.0994200131741803,5,2.417331385236868
20149407,1,0.8473210896097662,2,1.3959484194621532
202-03021,6,0.043899869812162734,6,0.4990292335659166
202BR500100,2,0.7811566871510975,0,0.0
202BR500300,2,0.7292449083484751,0,0.0
203.065695,5,0.8303592352205231,4,2.202076030034796
203.09062,1,0.700331295503827,0,0.0
205.016603,1,0.016005055145222793,0,0.0
206.05431,1,0.012452222652089524,0,0.0
2098,7,0.003371106026426972,8,1.6306506255560094
21044-BLA,1,0.023883427671683388,0,0.0
21046-GY,1,0.068254622399816,1,1.0
21055-BU,1,0.003826862848033198,1,1.0
21055-MV,1,0.003826862848033198,1,1.0
21084-BU,1,0.05392198401219326,2,1.2543856632308437
21084-RE,1,0.068254622399816,1,1.0
21095,3,0.054828396345692254,2,1.252205277328426
212.14.221248,1,0.07916234983157554,7,4.812227442106838
21300-BK,3,0.5126449047243544,2,0.9517190856109501
21300-BLW,3,0.3574486352198539,1,0.05395166217441728
21300-BU,7,0.6412574831115743,2,0.8936108429778885
21300-PI,5,0.3457339754936207,5,1.3812812342415455
21300-TBL,1,0.018725556860158983,0,0.0
21300-TR,6,0.2546688830979009,3,1.0168527530096354
21300-ΒΒ,4,0.11203946554786955,1,0.4329672252618533
21300L-BU,1,0.2824319053337873,1,0.6011888203678065
21300L-PI,1,0.00408073027364547,3,0.5514721989372452
21300L-TR,2,0.009322865748398468,0,0.0
21300L-ΒΒ,2,0.020096294409255616,0,0.0
21301-BU,1,0.003630877717151376,0,0.0
21301-PI,1,0.0010224223985186632,0,0.0
21301L-BU,1,0.000948254865135434,1,1.0
21301L-PI,1,0.0009743347463451118,0,0.0
21301L-TR,1,0.000948254865135434,1,1.0
21302XS-BK,2,0.03603071087915739,1,0.35726679381114895
21302XS-BU,7,0.7814333895092536,7,1.6566910267707198
21302XS-BUW,4,0.06979388567799581,2,0.7467129461653885
21302XS-BW,2,0.031117462118964295,0,0.0
21302XS-GN,2,0.07494825305582489,1,0.4185664379002448
21302XS-OR,4,0.5681959327942494,1,0.4254168380897976
21302XS-PG,3,0.08663419716132284,0,0.0
21302XS-PGW,4,0.07122523223429796,1,0.35726679381114895
21302XS-PI,6,0.37787874173805514,2,0.6411704149430051
21302XS-PIW,2,0.035050301992739244,1,0.7187015118154674
21302XS-TR,4,0.30189590501143676,2,0.4594674660349909
217156,1,0.022786988300514687,1,0.3080731517581554
218-SAWT03,1,7.801933316782876e-05,1,0.5289325877010514
219-812006A,1,0.12777947433137685,0,0.0
219-813007,10,0.014192688292139226,24,3.421626497646044
220.532,1,0.12930409188724726,1,1.0
220.536,1,0.12930409188724726,1,1.0
220.641N,1,0.00044740487863695577,0,0.0
22003-BO,1,0.0030641389625950533,3,3.0
22004-OR,1,0.011738703205138276,1,0.16544016228407687
22006-GY,1,0.0030641389625950533,3,3.0
221221,1,0.650473275405496,5,3.9834623617649547
221603,1,0.47090803716978163,1,0.7520651718173492
221603-BK,1,0.6359924983494828,0,0.0
222228,1,0.533991487216891,0,0.0
223270,1,0.6394594459598977,1,0.6060618844749638
226080,1,0.2792886197809161,1,1.0
226103,1,0.2792886197809161,1,1.0
226783,1,0.9953821144491026,0,0.0
227438,3,1.054188079608646,1,0.33538948484875536
228.5110-04,1,0.7461567795736095,2,1.4814023268429684
2283120-C,2,1.1268294066840872,4,3.0279497346053637
2283120-M,1,0.6457070264102082,4,3.756987433651341
2283120-R,1,0.6457070264102082,4,3.756987433651341
2283120-S,1,0.6457070264102082,4,3.756987433651341
2283120-Z,1,0.6457070264102082,4,3.756987433651341
228381,1,0.5200438108382359,2,1.7921370945022783
2286950-G,1,0.30272008221470015,0,0.0
23-0103,30,0.011546665679252121,6,0.7252328728004498
23-0201,3,0.002112114954529702,0,0.0
23-0502,2,0.003645258927632393,2,1.38955009851093
23-0502AVDM,2,0.006155865653415062,0,0.0
23-0502BAS,1,0.0017596115728234678,2,1.694775049255465
23-0502NAZ,1,0.001738581251370909,0,0.0
23-0502ROG,1,0.0016931309018228956,0,0.0
23-0503-05,1,0.0017596115728234678,2,1.694775049255465
23-0611B,1,0.0006389241205675325,0,0.0
23-0611PB,2,0.0013031279217815028,1,0.17514555028996268
23-0611PI,1,0.00044424065436174815,0,0.0
23-0611PU,1,0.0006085050466362018,1,1.0
23-0611R,1,0.0006085050466362018,1,1.0
23-0611Y,1,0.00045082309280130466,1,0.19759446786673568
23-1020-GN,1,0.4938341935667433,0,0.0
23-1020-MV,1,0.0018366240866769968,0,0.0
23-1020-PI,1,0.0010992167134964306,3,1.51920371075172
23-1907B,35,0.013429018988060483,18,2.1422434799319663
23-1907R,27,0.007649683023429301,18,2.0707124931755083
23-23138-F,1,0.009031854925170302,5,2.454590920541992
23-23138-L,3,0.4972026805981872,5,1.6778502696697288
23-23138-S,3,0.0024641683678795255,7,1.6726447258487234
230.572541,1,0.026967557767731947,3,1.957124872289622
230.572558,1,0.015234177907773025,1,1.0
231.00611,3,0.5615129501506874,1,0.6632320020307949
231.009104,6,0.35767535192769184,1,0.07860564586588886
231.009111,1,0.008598448098565784,0,0.0
231.02303,1,0.013776914690968303,4,3.778953605721034
231.0349,1,0.1349234133605102,0,0.0
231.10304,4,0.025213149544211638,9,4.583042620755099
231.202774,1,0.4884558803856223,1,0.7079830843506466
231.20301,1,0.9084592536710895,10,9.260610344693472
231.2031,1,0.012318803804361657,8,5.943213527842432
231.20501,1,0.014961977457594797,3,1.2972490258701515
231.20801,1,0.07431803340787062,12,9.57542112654513
231.306227,3,0.31420226263261897,17,2.1203590895557385
231.310897,1,0.012318803804361657,8,5.943213527842432
231.3803,1,0.08748414265328983,3,2.7051559730528756
231.388384,1,0.08621446139343453,7,6.153497798208338
231.39447,1,0.012772699595973538,5,3.0742973881262805
231.39803,2,0.2702160423731668,0,0.0
231.439587,1,0.07374690576515305,3,1.878271207192752
231.6366A,2,0.08718099516997597,18,9.004322618321297
231.728007,2,0.02151010539378404,5,3.0169425681375244
231.904706,1,0.8200481797277317,2,1.5463233710735715
231.908889-MV,1,0.0873322381075468,0,0.0
231.918369-PB,1,0.0005962545113605013,0,0.0
231.918369-PI,1,0.00044854467133471747,0,0.0
231.941688,5,0.06494893237790453,17,4.121219156593704
231.942753,1,0.9084592536710895,10,9.260610344693472
233101,1,0.4729203242592948,1,0.5890220684398147
233132,1,0.2854881639473507,0,0.0
236942,1,0.3490477180437283,0,0.0
237.617073,2,0.0877535935575815,2,0.18064064265755253
237154,1,0.0550245274474838,4,3.2738283279023257
238465,3,1.4751554863205114,0,0.0
239.42761,2,0.18152267179323817,9,4.00158989530613
239.429898,1,0.12293253272663782,13,8.554700339814392
239.431822,2,0.7296356252370716,12,5.619832015133121
23AC288,1,0.5625014180446882,2,2.0
24056-BP,1,0.04887472088481182,0,0.0
24056-WG,1,0.04903486254830984,0,0.0
24120-GN,1,0.7331011898937725,0,0.0
24120-YE,1,0.7465159154656292,0,0.0
24164-PI,1,0.19297061620361827,0,0.0
24164-YE,1,0.050880653869973674,1,0.2534682323189015
24202-WH,1,0.048934898035351594,0,0.0
243-1007,1,0.00015950681057768956,2,1.1256271222407954
243-2246,1,0.04087514713279283,0,0.0
243-30074,2,0.0012777596057024958,7,2.8720874378373713
243-30102,4,0.15509652977315913,6,2.0884008136272714
243-40009,1,0.00738552213164857,4,2.3896390699377466
243-40031,2,0.003422737720410925,2,0.8292703443622704
243-40060,3,0.0035132025309447673,9,3.152977497588982
243-40061,1,0.023338273903641845,0,0.0
243-40062,2,0.004580178651411676,4,1.329838276614216
246-311542,1,0.0008430809863311097,4,3.078638381445618
246759,1,0.033821923724819306,0,0.0
250-44005-24,1,0.035787783639414886,3,2.1769431327947966
251.055.01,2,0.9125381215163875,8,5.444101960792674
25211899-P,2,0.10419624480277934,5,2.9926630501834453
2522-YE,1,0.4857411536957968,6,5.610966331793462
25PU010,2,0.0009757633319724783,2,1.379697960099137
261-600793,1,0.0010177894918225862,0,0.0
261-600797,4,0.007690192970872953,0,0.0
262-03010,1,0.002296531268936308,1,0.29289339704032397
262-3002,7,0.026770297701683744,9,0.9127870570449511
262-3002ds,2,0.00027233339927306387,0,0.0
266280,1,0.987957909637833,0,0.0
267724,1,0.4857411536957968,6,5.610966331793462
267731,1,0.4857411536957968,6,5.610966331793462
2730-PB,1,0.005268712219589379,14,11.456065223478369
2730-PI,1,0.005268712219589379,14,11.456065223478369
2730-RE,1,0.005268712219589379,14,11.456065223478369
2730-YE,1,0.005268712219589379,14,11.456065223478369
27531-BU,1,0.015238233266376754,3,3.0
27531-GN,1,0.015238233266376754,3,3.0
27531-OR,1,0.015238233266376754,3,3.0
27531-WH,1,0.015238233266376754,3,3.0
27657,2,0.0011951911013493117,3,1.7346567379246365
27658,2,0.0011951911013493117,3,1.7346567379246365
279-05972,1,0.11656421312815587,0,0.0
28-10116,5,0.003524991801879388,5,1.1026495261662554
28-10175,2,0.001034504916836923,0,0.0
28-10180,1,0.000485649175231172,3,1.6395561273594796
28-20116,2,0.0003689791541226001,0,0.0
28-20137,2,0.00029812611334419813,1,0.04341356387663241
28-30137,1,0.0004377445568839149,1,0.37998216875107654
28-30145,1,0.0004114945518674865,1,0.3416669644223051
28-40176,4,0.0032378672774689065,3,0.8722727025658482
28-50116,4,0.0025898185052795103,3,0.8771438864662381
28-50141,6,0.00267059860257157,2,0.4941856615880584
28-50142,2,0.0013270012780729435,1,0.6341482985276949
28-50176,4,0.0026861935876741558,2,0.44980048588054256
28-50180,2,0.0009056142903216154,2,1.009044631783839
28-60142,2,0.0014168823801494054,1,0.733001455186656
280-44025,1,0.0011322497926063643,1,1.0
280-50183,1,0.0009687403112061764,0,0.0
2801J,2,0.014552273733788852,3,1.5936688134429968
280488,1,0.9084592536710895,10,9.260610344693472
282826,3,0.5918992233753004,2,0.7430581531800302
282840,1,0.48478013995993774,0,0.0
282864,2,0.6047148498699049,3,1.8298766402682867
282925,3,0.8389569451244077,3,1.4015852200499543
288-G02438,4,0.011064056674912757,4,1.2855582989375691
288-JDCT52,2,0.005564471435261277,0,0.0
29.0010-3,4,0.001237442347628446,1,0.48665098145256447
29.00299-2,2,0.023234266873074075,3,1.283170418112436
29.007-13,1,0.0003326822154289683,0,0.0
29.008-1ΖΟ,6,0.0023795087744526073,4,0.9153445578532609
29.008-21,4,0.012681613833689818,2,0.24380461383018226
29.008-916A,1,0.0019191641512179664,0,0.0
29.008-917,2,0.0007706388119329219,1,0.01969346160618259
29.008-918,3,0.005953022313042978,4,0.4055249568294462
29.008-919,3,0.0004985678753732894,1,0.6094434437630188
29.008-952A,5,0.004852054882907663,1,0.2965903266130802
29.008-973,2,0.0009359894468591702,1,0.7026772677762632
29.008-975,11,0.01890083108166909,7,0.7124184522610054
29.008-976A,7,0.011537793278363318,15,3.358239434277633
29.016C,4,0.0018788074029589294,2,1.019755880724718
29.020-2,4,0.0017145103188124181,3,1.287832236613712
29.0239BE,1,0.005374885899164657,2,0.673233869198071
29.030-1,6,0.03866269302290789,7,0.7108773869794566
29.0373,2,0.0060701760380870926,7,4.278003226039483
29.0376-ERROR,6,0.03335332056080097,19,4.878805241713687
29.0376a,4,0.005966490632658358,11,3.839338677727568
29.050-16,6,0.004120374958428124,5,1.0904364484018925
29.0809-25,3,0.010478877404653638,0,0.0
29.1023RC-BU,1,0.0004355281962831289,1,1.0
29.1023RC-GN,2,0.000871693972065166,4,1.1900364633625322
29.1023RC-RE,1,0.0004541560244186522,0,0.0
29.1068-102,1,0.0002303501233717404,1,0.34776913195847603
29.11015BE,2,0.0012443659278214812,9,3.0280053677329013
29.110TS,4,0.0016631529058043926,1,0.35966457308635674
29.111HE,2,0.0027418024992076555,6,2.4364125527397085
29.11620RCU-BU,1,0.0004836974328362859,1,0.1800940257584157
29.11620RCU-RE,4,0.0017142999986352449,0,0.0
29.1188-51FR,3,0.0008571085970024387,11,5.539322341566226
29.1188-52FR,1,0.00019765441860590104,1,0.48021457606787027
29.12033-BU,1,0.0019641628654487302,2,1.254707965792009
29.12033-GN,1,0.0009082637696008645,0,0.0
29.1226KM,1,0.004935725950864977,2,0.5721324780476179
29.12609,3,0.0016241031875231663,1,0.5297333438269757
29.1403-YE,1,0.12474750974731993,1,0.3187120229740023
29.1601RC,6,0.002251494450471091,0,0.0
29.1602RCU,1,0.000454023751071006,0,0.0
29.161DI-BR,8,0.009895301025931613,2,0.639204229601898
29.161DI-GN,4,0.00576658702241844,2,1.0577988250321302
29.162DI-BR,6,0.014802043862979355,1,0.13546506599752717
29.162DI-GN,3,0.009214521721854881,1,0.13546506599752717
29.168-10RC,2,0.0008995106784943693,0,0.0
29.168-11RCR,3,0.0042039692897102715,15,5.946968216228157
29.168-13RC-BU,2,0.005310293089605677,8,3.648120784254881
29.168-15RC,5,0.00336068937939925,2,0.7391409926852447
29.168-8RCR,8,0.006115006353170042,16,4.148184092111788
29.1702RO,1,0.00040034703320581804,0,0.0
29.1702RO-RE,1,0.02516309343483331,0,0.0
29.1702RO-WH,1,0.01195551741636122,1,1.0
29.171ΖΟ,6,0.0013381949322206878,3,0.34897056786334724
29.178-42,6,0.001442550545905226,14,2.7176655120657016
29.1901SP,2,0.0026862928537932027,0,0.0
29.1902-1,1,0.00023098489443672962,0,0.0
29.1903-2,1,0.00043671653530052794,7,4.281407464995982
29.1904-1,2,0.0007250097768214893,1,0.7883469160960475
29.1913-2,4,0.0005303665010809698,0,0.0
29.1918-2,5,0.0010216733714273473,1,0.04724811620665776
29.1952G,1,0.00045235260636844693,2,0.45105531149158673
29.2012-11,4,0.004530543157836393,3,0.910649691153804
29.20158MB,1,0.00018556715062072724,2,1.2494683545650824
29.20159,1,0.0005082800129036768,4,3.814878320246381
29.2051WB,2,0.004107166476896721,7,3.5412217252914733
29.2051WB-PB,1,0.004721603872317851,2,1.6747646282034023
29.2051WB-PI,1,0.012342999755353997,0,0.0
29.207-2BD,2,0.0011432952892641772,4,1.2872201055175128
29.211-3BD,2,0.003930177137054155,4,0.8003079760705166
29.2117TE,2,0.005522892147573641,0,0.0
29.212-1BD,1,0.00047396035935032136,5,3.6050510890513077
29.2125SC,6,0.2804550941804055,0,0.0
29.2129MI,2,0.015206295513586154,2,0.10855005147195179
29.2153SC,5,0.0018809512114209535,9,3.2597102988854365
29.2158SC,9,0.012046156506807178,11,1.8144330024469055
29.2169RC-BU,9,0.01491334861051866,2,0.36012554938079533
29.2169RC-GN,16,0.021052647963867653,6,0.32575093684275697
29.2169RC-RE,7,0.007019198664771974,2,0.6890989875071097
29.2221BE,1,0.0006872756249984504,1,0.048157207855443765
29.222E,4,0.0026079513500383523,6,1.3507009493858813
29.226-8,6,0.020188077583115707,5,1.6599292085923947
29.2266-15,16,0.007809208257856445,15,2.246933893633106
29.2281FO,16,0.03008422641940552,19,1.7345593930000602
29.2282FO,9,0.006953894132193274,8,1.6026991624104463
29.250TS,5,0.013777003532933743,9,3.5693556953628875
29.258TR,2,0.0008937885639305144,3,0.675957135651319
29.2801RCR,2,0.0002424840166963097,0,0.0
29.2803RCN,3,0.0008388808422184088,8,3.5353868698506896
29.28299,1,7.338604506748709e-05,0,0.0
29.282RCR,4,0.003405831440729378,0,0.0
29.288-5,2,0.0003967704475571103,1,0.48590475056331095
29.2981-82,1,0.002533427567409365,10,4.890396213465593
29.3000K,1,0.0016623076157376484,0,0.0
29.302-BO,1,0.7326852269061797,0,0.0
29.314FD,3,0.0011906089207743967,1,0.27077009745275943
29.3201TG,5,0.009895847005748894,1,0.11909501155944058
29.3288-2TS,2,0.0007788426773606113,1,0.35966457308635674
29.3366-17,3,0.0013637446212159503,3,0.8342742127733174
29.340AC,2,0.00025791442113192223,0,0.0
29.3466,1,0.0023309770545606847,3,2.914876078383419
29.3699-8RC,15,0.018028169354091267,16,2.8917877797773923
29.36MU,2,0.0010347543353093416,3,0.8461663022926024
29.36T,1,0.11357702304855544,0,0.0
29.399RC,1,0.00044381897814853673,1,0.016119742892151605
29.406R,1,0.0020333538864062543,0,0.0
29.4488-BU,1,0.008870240270380731,0,0.0
29.4488-RE,1,0.008215858609664086,0,0.0
29.4488-YE,1,0.01585316502870955,2,1.2792566923965292
29.4914MO,1,0.0052462646868728065,0,0.0
29.5005-2,1,0.0006242325387435788,0,0.0
29.531-8,2,0.009840432414808087,5,3.4026182324193774
29.533-1,1,0.000716510564950343,2,1.4063373498048266
29.555-6BL,2,0.0009305503469033863,6,2.518533565304281
29.555-8BL,4,0.006561105164026127,3,1.478179015161064
29.5588-609,2,0.0007041164552186433,0,0.0
29.5610GA,13,0.03791994968348567,0,0.0
29.582,2,0.9106652361900365,0,0.0
29.5867,2,0.0009160860940953263,9,4.599907210585991
29.5881,1,0.0004319045587693975,0,0.0
29.603-3,2,0.0006695138645816222,6,2.1849364166609586
29.606RT,1,0.0006836277797744913,0,0.0
29.611RC,6,0.0037218571839469283,6,1.064447567861824
29.6145SM,2,0.015021653456207986,3,0.6241624452951593
29.615-5,2,0.00024245426354092543,0,0.0
29.628-89,5,0.005969096965426723,0,0.0
29.640ZO,3,0.007849750596862074,3,1.5453825756646546
29.643ZO,3,0.010376117782305759,4,2.101497234290729
29.65KSA,1,0.00010360592360862182,0,0.0
29.66001BRC,2,0.0003913209285075811,0,0.0
29.66089-2,1,0.006639542046693303,4,3.591722253973581
29.66399-1,2,0.0003048263994788698,1,0.365834340877463
29.668-52,4,0.0005581929555221409,1,0.04358261399612189
29.668-56,2,0.00029356652324947775,0,0.0
29.668-62,5,1.4559178872951848,13,5.483049673983012
29.6802G,1,0.0019739162705050346,0,0.0
29.6831BE,1,0.010531838732811185,5,4.154668061668898
29.6836-28-PI,2,0.33454384167111834,0,0.0
29.6836-28-RE,1,0.00542014662684604,0,0.0
29.6969-63,7,0.14265161725367523,6,0.4422790504210097
29.701RC,3,0.002369155116001595,5,1.0021401167657233
29.707-35,5,0.017571625017423126,9,1.3938269775463372
29.707-3RC-RE,1,0.0004978641132616876,1,1.0
29.707-3RC-YE,1,0.0004978641132616876,1,1.0
29.707-62,2,0.0009279581181510198,10,4.3093576372210665
29.7215K,7,0.004018166490074173,4,0.6657899727339324
29.767-12RCR,2,0.0008550751905645364,0,0.0
29.7735A,3,0.0027501132173967137,5,1.3996311179153433
29.777-1BE,2,0.09989977961181352,2,0.4121126566388065
29.777-3A-PN,1,0.7998840366291167,0,0.0
29.7917TSC,1,0.0001838308190529038,0,0.0
29.8004WT,2,0.0009483463980666177,6,1.7662734423902255
29.8006WG,3,0.005355772502563257,0,0.0
29.8006WT,2,1.5566212704205262,9,5.631601798898252
29.8016WT,4,0.001821186810572637,12,2.895442396149174
29.8018B,1,0.0004252722637349919,0,0.0
29.802-12M,1,0.0009369035544431598,2,2.0
29.8022WT,6,0.005411860780276147,11,2.2709890685873897
29.8025WT,2,0.0011336770861455272,10,5.059464166848959
29.8030A-B,1,0.0004625416587569996,1,0.3598561449525953
29.8058-24,2,0.0008777732995905507,5,2.177366869661496
29.8071RC,6,0.00800193334878305,5,1.587954978625011
29.8075RC,1,0.0001662325581349626,1,1.0
29.8078RC,2,0.005075323034136976,0,0.0
29.8100WT,16,1.673344566297211,11,0.46137932102634793
29.816DRC,3,0.0014761566467618274,0,0.0
29.8237HS,1,0.0009478120829680772,0,0.0
29.8313B,1,0.0004755917907020203,1,0.555098163858884
29.838B,6,0.014121033124060406,9,1.5470722079499701
29.8569,4,0.00298107101498547,0,0.0
29.86TR,3,0.0029217482119504225,5,3.0879204767439523
29.8808RC,14,0.011700287581783536,9,1.5151192586335915
29.8815-1,2,0.0008794856974571829,3,1.7868808832858245
29.881AK,1,0.0004910959194906677,0,0.0
29.88611,1,0.006164031310470754,0,0.0
29.88612,1,0.004644422294206113,0,0.0
29.888-1B,2,0.000967906918761668,10,4.5513237376616935
29.8901,1,0.0020720542975965974,0,0.0
29.898P,2,0.0013660812306212828,2,0.6126013746077765
29.899-5-RE,2,0.0016434154045154006,0,0.0
29.899-5-YE,1,0.001967650959436257,0,0.0
29.91162-BU,1,0.002031531169933281,0,0.0
29.91165-PB,1,0.00045709295526980595,6,4.992859189316193
29.9202RC,2,0.0010627110783795488,4,1.3982302892865863
29.9204RC,1,0.00035086800658520103,0,0.0
29.933-137,1,0.0007543359165766712,2,0.9735815723309238
29.9503RC,1,0.0005992596501759835,1,0.12449773994744416
29.9618-30,7,0.002734344877292823,11,2.6423280243101344
29.9829SP,2,0.0008320203067947863,0,0.0
29.99-2812,1,0.0004595115796440211,1,0.056755751718337605
29.9901RC,9,0.008694941216607379,1,0.0033134297346668405
29.9909RC,5,0.0010302965949404437,1,0.34191587844023136
29.9909RC-BG,7,0.014608911396352273,1,0.020754850524863932
29.9909RC-BK,7,0.007210971530933934,0,0.0
29.9909RC-GR,10,0.012855693599578624,3,1.1035372112496624
29.9909RC-WH,1,0.00047693591104465926,5,2.7689867975932727
29.9914,2,0.0003874506600882547,3,1.2952391866909958
29.9923,2,0.0016484616963727623,0,0.0
29.998-49,2,0.001125761734461377,8,3.9217726367351173
29.9982,10,0.0118872130357494,7,1.3970080998542318
29.9983b,3,0.011423141401628641,0,0.0
29.9984b,6,0.02198390423837661,0,0.0
29.9986RC-BR,1,0.004618416300351921,0,0.0
29.9986RC-b,3,0.004151678822175918,0,0.0
29.999-105,3,0.002980029614111028,24,6.529829708179934
29.999-33,3,0.0005770802559830147,7,1.8614069835641112
29.999-90-PI,1,0.01196717295047334,1,0.4647602494033879
29.9991RC,5,0.0007064136916420547,2,0.05575337022451006
29.9996EF,2,0.0013933911998782308,3,1.0387405661212876
292-84514,1,0.007279394653381379,3,1.470908967519228
292-87503,7,0.039953752441918504,9,2.1288451452672463
292-87506,2,0.05413968018842542,1,0.7098126784665414
292-87509,1,0.020656051565164032,0,0.0
292-87513,1,0.027277413713074142,1,0.7098126784665414
292-87704,2,0.0016551593049572832,2,1.0473537143818565
293-018,1,0.020143157142890233,0,0.0
293-054,5,0.14535413533348193,12,2.7017618540338133
293-132,1,0.007879797799494305,0,0.0
293-339,2,0.0007412388408961995,5,2.04713789492817
293-544,2,0.0007672282237565415,4,1.6371131387475883
293-583,4,0.020132438504026857,8,0.7330965689521638
293-603,3,0.8446727174884254,18,1.533863421939621
293-705,3,0.001108423312244797,4,1.3437795764239762
29366,2,1.3718250235068647,3,2.4073706479599895
29367,2,1.3718250235068647,3,2.4073706479599895
29368,1,0.5517768437791332,2,1.2684179248464071
2941-PI,1,0.5809199673479974,1,0.6135810015352335
295-14012,1,0.0004732653984216861,2,2.0
296670-PB,1,0.6889825233289918,1,1.0
296670-YE,1,0.6889825233289918,1,1.0
3.8C-5,1,0.5760559594938297,0,0.0
300-00013,1,0.033596898952810775,0,0.0
300-00016-S,1,0.0009402552083057126,3,1.6641875330307132
300-00016-U,2,0.0024056275779952637,4,3.0219779268761715
300-00073,1,0.000319859642338921,0,0.0
300.923155,1,0.0005112971045231735,3,1.8359427431195767
300.970999-4,4,0.05479027919281476,11,0.4274600710898975
300.971503,1,0.005427214995344948,0,0.0
300174,1,0.00017311949565156334,3,1.2152503300249307
30040,2,0.5742241304343433,0,0.0
30041,1,0.008631555874295635,5,4.856363920697265
30042,1,0.594663193250917,3,2.342528591611455
30043,3,2.1478602129649422,1,0.524268390689303
30054-RE,1,0.49410734876187407,2,1.2050968187585158
300659,1,0.0005578704128026826,0,0.0
300660,1,0.0004951654164808988,0,0.0
30078,1,0.027284532365497674,0,0.0
30085,1,0.002684319214538817,4,3.385037072824244
30089,3,1.5145202290541695,4,1.3561188597010367
30129,1,0.008631555874295635,5,4.856363920697265
30147,1,0.007499029695213206,0,0.0
30197,1,0.05604364610050619,0,0.0
30216,1,0.0006949522125928218,3,2.1843845241301287
30238,1,0.8884854041302301,1,0.556423055887501
30280,1,0.04153706627644688,0,0.0
30283,2,1.8379732328529717,0,0.0
30310,1,0.49977173105437317,0,0.0
30322,1,0.17631428342468725,0,0.0
30381,1,0.5950951627592374,0,0.0
30390-SAB,1,0.05562850266459648,2,1.7265584964368172
30390-TF,1,0.0018227986730352324,2,0.9732604192911589
30435-D,1,0.14318807161631059,0,0.0
30435-G,1,0.14539167600044542,1,1.0
30435-V,1,0.14539167600044542,1,1.0
30436,1,0.008631555874295635,5,4.856363920697265
30526,2,0.8344573852858722,0,0.0
30529,1,0.5796122787018508,0,0.0
30576,1,0.005969440436731384,5,4.59570240180505
30655,3,0.6092881693749194,1,0.07160272973443071
30657,2,1.1354040776186194,0,0.0
30743,2,0.08057033419282289,0,0.0
30806,1,0.007282272252562674,0,0.0
30838,2,0.006608873132281437,0,0.0
30846,1,0.00020181211486445388,0,0.0
30939,1,0.6745639321655565,0,0.0
30960,1,0.8180031707967345,0,0.0
30967,1,0.05797650956940572,0,0.0
30999,1,0.002541323588806021,0,0.0
31045,1,0.0075102536902317595,0,0.0
31096,1,0.005969440436731384,5,4.59570240180505
31136,1,0.005969440436731384,5,4.59570240180505
312-01053,1,0.0007427668109157319,1,0.09242158259504521
31223,5,0.021320447222827582,2,0.8660693435630837
31387,1,0.5625014180446882,2,2.0
31463,1,0.7806359885781041,0,0.0
31492,1,0.5625014180446882,2,2.0
315-00000,1,0.00043755993313191187,0,0.0
315-20001,1,0.00042515645239218095,6,3.41122959292738
31595,4,0.990131459130482,10,0.21608266308463184
316-11031,1,0.45522333699342754,1,0.7220238154543769
316-20074,2,0.4888156734874491,2,0.6053192277351486
316-20100,1,0.07590223986249554,2,0.9301893263860374
316-40054,2,0.3845012393253381,2,0.7680157157307482
31635,1,0.4910943431098712,0,0.0
31732,1,0.8124704035835779,0,0.0
31841,1,0.014433083485025417,0,0.0
31959,1,0.059629670833817094,0,0.0
31961,4,2.2077463055308515,0,0.0
32044,1,0.6238319762489055,0,0.0
32045,1,0.5903551565889561,1,0.524268390689303
32054,1,0.0027407158454724606,0,0.0
32057,1,0.004165014225539269,0,0.0
32116,1,0.036790097633995995,2,2.0
32168,2,0.00036920064540380926,5,1.932671901670746
32169,1,0.00493841331853801,2,2.0
32185,1,0.0173705634473712,0,0.0
32198,1,0.0006949522125928218,3,2.1843845241301287
32270,2,0.003762493591669521,1,0.6486388270843476
32271,1,0.001583002687913309,1,0.6486388270843476
329202,1,0.01957813002299486,2,1.5041348193774833
331-49031,2,0.02305991898734833,2,1.4583437994099475
331-88205,1,0.09034396921299734,1,0.4382093627987413
332.08561,1,0.11058972746775654,0,0.0
333-05031,1,0.03838908205772302,0,0.0
333-05074,1,0.005226883584778195,0,0.0
333-05141,1,0.021394650488747814,1,1.0
333-07031,1,0.0013372805566535205,0,0.0
333-08053,1,0.0012757708736955183,0,0.0
333-08221,1,0.005107489282879733,0,0.0
333-10053,1,0.019248433614199867,0,0.0
333-15074,1,0.0013173456927566046,0,0.0
333-24141,1,0.036790097633995995,2,2.0
333-26031,1,0.020748357394252688,1,0.7110782169043973
333-26074,1,0.020286126051235143,1,0.7031129137230114
333-26141,2,0.04103448344548783,2,1.4141911306274086
333-77054,1,0.3538907349342279,0,0.0
334-08031,1,0.008507463512539374,0,0.0
334-14031,1,0.013397172415269686,1,0.3554689623165427
334-21031,1,0.1342298579817243,0,0.0
334-21100,2,0.6776033397559076,1,0.6362281581894242
334-35416,1,0.0018490442289232226,11,5.782936732219551
334-35580,1,0.8155376121526993,8,6.582080277627629
334-38031,2,0.42162071966863346,2,1.0148990057160605
334-40054,1,0.008999893434220868,0,0.0
334-64054,1,0.0005573889415189258,0,0.0
334-64220,1,0.0012044909235011038,0,0.0
334-80031,2,0.024294293026949743,3,2.582375290170787
334-80054,1,0.02105473257537948,1,0.6908017837603412
334-80074,1,0.024502372605630707,0,0.0
334-80100,1,0.02098312202368936,0,0.0
334-80140,2,0.024666822924956037,3,2.5688175093023116
334-81031,1,0.08135441283169693,1,0.48935535448463485
334-81220,1,0.023066011602982384,1,0.7230441864461195
334-81413,1,0.038187183404964034,2,0.4133961333289815
334-84100,3,0.33972884729531705,6,2.662362562273091
334-86054,1,0.33159561436314305,1,0.5702437723757805
334-91031,2,0.31475213286275955,0,0.0
335-68031,3,0.1060253643976742,1,0.3554689623165427
335-68054,2,0.03557614634867602,2,1.0996310109046132
335-68072,2,0.5779802823144973,0,0.0
335-68074,1,0.009278160648330216,0,0.0
335-68144,1,0.005447251098310771,1,0.4221861585559378
335-68220,4,0.030561130371043424,3,1.5729195178253241
335-69054,1,0.021050374832983467,0,0.0
335-70100,1,0.020819817929303642,1,0.13365344988410122
335778,1,0.005268712219589379,14,11.456065223478369
335810,2,0.17031613868330192,15,8.662135955426615
335844,1,0.321448075064778,0,0.0
336-42031,1,0.0003397167464200376,0,0.0
336-43031,1,0.018923291740474985,0,0.0
336-44031,1,0.0051868270840305505,0,0.0
336-44074,1,0.004900051532959342,0,0.0
337-02054,2,0.010270841959569128,0,0.0
337-03031,2,0.020232902181249242,1,0.622971436559676
337-03074,2,0.01888791928745379,4,1.9404718122019955
337-04220,1,0.026551222716730608,0,0.0
337-04413,2,0.11193845978695657,11,7.465140540333949
337-05031,1,0.019820111034588243,3,1.8577789916630236
337-05100,1,0.03824961820512562,1,1.0
337-06054,1,0.3443943322636454,0,0.0
337-07100,1,0.5617538653212314,2,1.5897394157490319
337-24054,1,0.00012149202413975065,0,0.0
337-70413,2,0.000889382403568422,9,3.6793728995238975
337-74031,2,0.009925041606571237,3,1.572513356024195
338-15400,1,0.0819346051095955,10,7.975981965927833
338-15515,1,0.0819346051095955,10,7.975981965927833
338-26031,2,0.10364336630940091,1,0.44838853809789697
338-54140,2,0.005224104316866653,0,0.0
338-82031,1,0.0001405739178577539,0,0.0
338-87031,1,0.00036042970552966887,0,0.0
338-87074,1,0.00034689481014935964,1,0.6097937293072515
338-87100,2,0.0009328931288405578,1,0.6097937293072515
338-94141,1,0.02005754005217596,3,2.331085102471726
338172,12,6.477453862338218,18,5.1782857960895825
339-36074,1,0.005555246263947807,0,0.0
339-39031,1,0.020960037991545177,0,0.0
339-48031,1,0.005346133389974599,1,0.3843830716000963
339-54031,2,0.0006675453002058967,0,0.0
339-54141,2,0.000671633585186678,1,0.02723671744507521
34/10031,1,0.00045056396972632947,1,0.4603857647422205
34/10032,1,0.00043267762747951617,0,0.0
34/10041,1,0.012894719853063561,2,1.122736591009895
34/10061,3,0.11293635244303064,2,0.7135633815766284
34/10390,8,0.29096949210683754,5,1.4743888641344733
34/10400,2,0.057756404377893554,0,0.0
34/10402,2,1.2549078237098361,0,0.0
34/10420,1,0.7432270528935864,0,0.0
34/10591,1,0.4829606751606165,0,0.0
340-44031,1,0.344428964067494,0,0.0
340-45053,1,0.006739568799616432,0,0.0
340-46054,1,0.001293108176891919,0,0.0
340-67053,1,0.012325533796646318,1,1.0
340-67144,1,0.5617538653212314,2,1.5897394157490319
340-72413,2,0.005434190633556718,10,4.399856750554874
340-76050,1,0.7415833191811171,0,0.0
340-80100,3,0.6371790897591161,0,0.0
340-81054,1,0.0004038570670113381,1,1.0
340042,1,0.725075118593795,5,5.0
341-26054,3,1.8794352089922377,0,0.0
341-35220,1,0.06555510778614894,0,0.0
341-37072,1,0.07916234983157554,7,4.812227442106838
341-39054,2,0.002616129595784963,0,0.0
341-41413,3,0.05591390985105222,13,3.82986473567193
341-43400,3,0.5732646467971774,6,1.0160534726162387
341-43413,1,0.0004664154746555688,2,1.0575634965391219
341-44100,1,0.07916234983157554,7,4.812227442106838
341-46054,3,1.714490611114273,0,0.0
341-49074,1,0.004921476879141869,0,0.0
341-51580,1,0.4857411536957968,6,5.610966331793462
341-58581,1,0.0014461270849397997,3,1.4782498553702135
341-69031,1,0.03322007412346213,0,0.0
341-69100,2,0.05765754888137452,2,1.1196425185822374
341-69144,1,0.05705857030054004,4,3.9709026005056867
341-69413,2,0.26277020500729487,20,10.745407816606223
341-72220,2,0.6690782735990215,0,0.0
343-02031,2,0.15544335164848092,12,6.834275458433484
343-02074,1,0.028462541842675798,1,0.5086323464324589
343-02144,1,0.02186737254226162,0,0.0
344-20220,2,0.6690324792763291,0,0.0
344-21073,1,0.02100238105811311,0,0.0
345-07031,1,0.08637056424237977,0,0.0
345-55054,1,0.00044348109546117474,0,0.0
346-01413,1,0.00027031274005864364,2,1.141876711459614
346-02220,1,0.0051953397852644405,1,1.0
346-02400,6,0.8365637593478474,10,1.2347490248041353
346-02416,2,0.0002483589224740189,2,0.762564099853902
346-02580,5,1.3190507668819103,6,1.4119025534983398
346-03100,1,0.0051953397852644405,1,1.0
346-05031,1,0.5404627025487299,2,1.2916991297696834
346-05220,1,0.025820142693049674,0,0.0
346-92031,1,0.0003240891665960505,1,0.10557644241314972
346-93031,1,0.005133647677927163,0,0.0
346-96031,1,0.0013603320611586976,0,0.0
347-01400,1,0.8954916561771643,0,0.0
347-44580,1,0.0006123826290134386,3,1.1827029547844976
347-67031,1,0.00502885735102184,0,0.0
347-68141,1,0.0012506860875065565,0,0.0
347-69031,1,0.0004206419286762377,1,1.0
347-71031,1,0.07207986121685764,1,1.0
347-72074,1,0.0004051848201900736,0,0.0
347-72100,1,0.005214001269322637,0,0.0
347-76031,1,0.0004206419286762377,1,1.0
347-76074,1,0.0005746936044481123,0,0.0
347-76100,1,0.005034740382655573,1,1.0
347-78031,1,0.0003337972882889392,0,0.0
347-85031,1,0.020562320836569278,0,0.0
347-85074,1,0.0026318437685934233,0,0.0
347-88031,1,0.005077958765487256,0,0.0
347-90031,2,0.007964467005660343,1,0.2183949878926204
347-90141,1,0.005532341005439816,0,0.0
348-00031,2,0.035975805184790294,2,0.9109261647339707
348-00074,2,0.010982632617434176,1,0.3694691167762252
348-00100,2,0.02224608986811454,3,1.3696983890092698
348-05031,1,0.3201798860602189,0,0.0
348-08031,1,0.005533544136252293,0,0.0
348-08141,1,0.005477824100324125,0,0.0
348-10031,2,0.010643550345115504,1,1.0
348-10074,1,0.005110934028510522,0,0.0
348-10141,2,0.010643550345115504,1,1.0
348-11031,1,0.08380419135111641,0,0.0
348-13074,1,0.030542452403960012,0,0.0
348-17220,2,0.04502111679224431,0,0.0
348-29221,2,0.17089320528048532,0,0.0
348-44031,1,0.3443397968807842,0,0.0
349-06054,2,0.0006004189495947133,1,0.12760911151057155
349-07054,2,0.0017270129230312725,6,2.0946925589821563
349-07220,2,0.16490609147802468,7,3.5469731468721215
349-08054,1,0.00035337533966303805,0,0.0
349-08220,1,0.00037961924714805044,0,0.0
349-09053,1,0.022966240820432207,2,1.8996819065441732
349-09220,1,0.005407195818624153,2,0.7220644467074695
349-15054,1,0.021137358661088637,1,1.0
349-17220,2,0.03293298811004704,0,0.0
349-18053,1,0.06092188078939572,2,1.9583732330456503
349-18073,1,0.09614572047797101,0,0.0
349-19053,1,0.008240264101168468,0,0.0
349-25054,1,0.0006968172586661938,2,1.1134264146661452
349-27054,1,0.008959937918584323,0,0.0
349-34053,1,0.6182677995738481,0,0.0
349-36053,1,0.40041386757516056,0,0.0
349-65053,2,0.011653481341510905,0,0.0
349-66031,1,0.08140452606054438,2,1.0059414800421347
349-70031,1,0.34136863772191733,0,0.0
349-90054,1,7.703803812102582e-05,0,0.0
35/703,2,0.8347128259378999,0,0.0
35/713,6,0.06740320929047686,0,0.0
35/719,10,4.790913325761204,0,0.0
35/772,18,9.332337211996196,2,0.4544456829698885
35/798,1,0.0004834802384534763,1,1.0
35/828,2,0.018235133561268928,6,3.402917737087317
35/834,1,0.06938685600657293,3,1.5009718353333854
35/835,1,0.0019487764139404916,3,1.3003322697966055
35/847,1,0.06858484229586413,2,0.8308304576462355
355086-24-RE,1,0.06005891331188365,0,0.0
355574-8-24,1,0.03460680122644728,0,0.0
355758-24-CH,1,0.06136893549750279,2,0.8634776135478819
355758-24-OR,1,0.029888164596548104,0,0.0
355765-24-CH,2,0.06689912683535897,4,2.4706213548196843
355765-24-RE,1,0.031111343195944084,1,0.6819446963702306
355765-PG,1,0.0020405181430787353,0,0.0
357-03031,1,0.005210487972419991,0,0.0
357-03074,1,0.001167411806904431,0,0.0
357-04100,1,0.0011625163440443656,4,2.7079174296696387
357-06031,2,0.04152939748860557,0,0.0
357-06074,1,0.004687815623572028,0,0.0
357-07031,1,0.005034740382655573,1,1.0
357-11031,1,0.020837735217136007,1,0.44838853809789697
357-11054,1,0.07207986121685764,1,1.0
357-11074,1,0.02050145668338196,1,0.5741126367474292
357-11141,2,0.06220001759594186,1,0.5741126367474292
357-14100,1,0.11970913396041673,0,0.0
357-16031,2,0.15710264594377063,0,0.0
357-16074,1,0.07714544614301498,1,1.0
357-16100,1,0.39864470172926003,0,0.0
357-16141,1,0.07714544614301498,1,1.0
357-18031,1,0.08261582593882127,0,0.0
357-18221,1,0.28165268395659265,0,0.0
357-21220,2,0.6820798453887027,0,0.0
357-24031,2,0.6941229800545727,0,0.0
357-24100,1,0.6460555878616956,0,0.0
357-24220,2,0.6855415403311625,0,0.0
36/20021,1,0.0004973660172474571,1,0.8449112899080713
36/20031,1,0.0005024679202498287,2,1.5196359741927525
36/20155,1,0.0019364609982583593,1,0.5403092089116585
36/30030,6,3.079083355226371,6,2.2935035793790384
36/30132,3,0.19858244070020187,6,1.5942077140268123
36/40013,1,0.0004342234168130153,2,0.9171959822901012
36/40014,1,0.00043104928159147114,3,2.404363411958528
36/40015,2,0.0009525926293722147,15,7.596250952010215
36/40041,2,0.005268005925157871,11,3.667544842463756
36/40042,2,0.0008648149107960968,3,1.905035426533617
36/40043,1,0.009069531109700112,5,4.005199087095081
36/40071,2,0.453527109558938,5,0.4340019616433336
36/40081,3,0.509691576919886,6,0.13426020136209146
36/82031,2,0.0006967129484380628,2,1.3798177417161228
36/82033,1,0.00019934693119060576,1,0.5349064518080514
36/82102,1,0.00012572876842358718,0,0.0
3660-000802,1,0.003035507485939124,0,0.0
3660-001562,1,0.00195771496131106,2,2.0
3660-355505-24,2,0.06928728027844011,8,5.042071060519419
3660-891587-24,1,0.04983068403263592,0,0.0
3660-893062,1,0.002069345304825745,0,0.0
3660-893079-24,4,0.13841417150267413,2,0.4502756504941031
3660-896766-24,1,0.03294083624014748,0,0.0
367-01054,1,0.00046766625072740703,1,0.048814006942627004
369-00031,2,0.35464708961770114,2,0.5806642594877981
369-00074,3,0.418498937351266,3,1.51489750264598
369-00100,2,0.4060155564410069,3,1.3342227166059155
369-00140,1,0.07951413655720159,2,1.1293460199181768
369-00400,1,0.8885391504662422,0,0.0
37/307,1,0.008126243195524756,4,3.05161420200007
37/326,2,0.0012541345843015087,7,2.794115860154471
37/327,5,0.007218597072841894,5,1.6133099428312965
37/335,7,2.7620171506205575,2,0.4226401609350333
37/346,2,0.014138045313749301,5,3.704027176639234
37/348,1,0.0004834802384534763,1,1.0
37/355,1,0.0013181107786936798,0,0.0
37/356,2,0.013678718874258448,0,0.0
375048,9,0.0068697371781875835,3,0.3929076692015818
3781-D,2,0.009174354118106288,9,4.805032681258323
3781-P,2,0.007042078788331548,1,0.5433497777521012
3781-S,1,0.004807007280221655,8,5.61135952195984
395-00010-03,1,0.0008369186527245646,1,1.0
395-00010-139,1,0.0008369186527245646,1,1.0
395-00010-141,1,0.0003465180996447894,0,0.0
39848-PB,2,0.03611562085168059,5,2.9470165539614106
4-04025,1,0.00017614682467708814,0,0.0
4-04050,2,0.0003703619302725811,0,0.0
4-04148,22,0.31123281977841805,4,0.31458748463810043
4-04155,1,0.018672418708204217,3,2.3905132924440036
4-04156,1,0.00045058694979085425,1,0.7883469160960475
4-04322,1,0.0006615404669514837,0,0.0
4-04332,1,0.0010024530160052424,0,0.0
4-04474,4,0.0007861667922173894,4,0.7481804930986844
4-04619,3,0.000963411496461187,7,2.3646521913604417
4-04650,1,0.0001090598185454193,0,0.0
4-04678,1,0.0002547729728884255,0,0.0
4-04730,1,0.00012964600318788257,0,0.0
4-04755,1,0.0001841163967677207,0,0.0
4-04893,1,0.00044737742276219244,3,1.0293504514115088
4-04913,2,0.000640577581152918,7,2.824466819056981
4-04917-B,3,0.09519675897062764,1,0.07076481533768675
4-04917-P,1,0.00043241033715540043,2,1.196365303344992
4-04920,1,0.00044049303384449413,4,0.980229497215048
4-04944,4,0.12449140637792228,0,0.0
4-05012,1,0.0004485331445687118,0,0.0
4-05020,1,0.0016448839277373815,0,0.0
4-05037,3,0.018962793676702797,4,2.366889015894324
4-05112,4,0.0011355162436888831,5,2.6625133413262927
4-05113,2,0.037161172418134394,3,2.092048996578549
4-05121,2,0.0001737458114203974,0,0.0
4-05129,1,0.0004863064536076743,4,2.243779699233113
4-05154,1,0.002934825091459277,8,5.7671050119680185
4-05242,1,0.0004486748951038712,0,0.0
4-05276,1,0.001949894858675574,1,1.0
4-05277,1,0.0018346998025579248,0,0.0
4-05279,1,0.0019428914750898377,1,0.5365293144148533
4-05287,2,0.004246081526615034,15,4.9975096820699605
4-05316,1,0.00044575609897170275,0,0.0
4-05336,5,0.012201131796678533,7,1.7874175658084512
4-05461-01,4,0.03706479540642686,1,0.3960095527428738
4-05461-03,6,0.09753608374737179,4,0.80704445643205
4-05461-04,4,0.02402128160445377,2,0.19092577918153947
4-05461-06,4,0.03146970517473571,3,1.0045601686890278
4-05461-09,5,0.01514224192347207,3,0.42659025262128364
4-05461-10,6,0.031911841513121965,3,0.617638266250307
4-05488,2,0.0009397258591346517,8,2.205015807804283
4-05514,2,0.001670628338058594,1,0.2112230984279118
4-05535,1,0.0004544273142497841,1,0.22612098267373218
4-05536,1,0.0004157555396402805,0,0.0
4-05586-PI,1,0.011701684531447773,0,0.0
4-05595,1,0.0010713157857692207,0,0.0
4-05605,2,0.0032998128497377655,0,0.0
4-05608,8,1.7581229194044772,6,0.21082939290722702
4-05653,3,0.0067493450539771824,1,0.5365293144148533
4-05756,2,0.0020052924563231144,0,0.0
4-05760-OR,2,0.003825350459017083,8,1.7859732142715161
4-05760-PB,4,0.012948411253890912,5,2.3913729259759
4-05771,4,0.16382310606095246,0,0.0
4-05772,2,0.018300131076512616,0,0.0
4-05773,1,0.040733227050587344,0,0.0
4-05774,4,0.011093406979867226,2,0.7971021641738681
4-05775,1,0.0028612485097609932,3,1.0385637114520745
4-05791,1,0.0019096388361997869,0,0.0
4-05841,2,0.0037226567560477903,0,0.0
4-05842,7,0.07632472155344194,5,1.0007037121086082
4-05843,1,0.001996780494738429,0,0.0
4-05845,1,0.007279394653381379,3,1.470908967519228
4-05846,2,0.001920448828324699,3,0.9723234067727372
4-05878,7,0.04731528639824467,8,1.8278711506284533
4-05903,2,0.14715668773672855,1,0.2569524273100345
4-05914-BR,1,0.027548193066768416,0,0.0
4-05914-GN,1,0.014069846623415483,0,0.0
4-05918,1,0.014451437032505189,0,0.0
4-05937,1,0.4197644552753455,1,0.8831607695310439
4-05958,1,0.011655308682200487,0,0.0
4-05964,10,1.39189266295821,3,0.6417017826988829
4-05966-GY,1,0.02113393539881609,0,0.0
4-05967,2,0.03647107198384314,0,0.0
4-05991,2,0.012173900304951617,0,0.0
4-06000,5,0.07387560340805464,3,0.9758011364746559
4-06002,1,0.0159043873683753,2,1.3378306868103316
4-06015-BU,1,0.014782999474974749,0,0.0
4-06015-GN,2,0.03556065776772846,2,0.9040158701996688
4-06016-BU,2,0.05734346589243079,2,0.7997155108162664
4-06018-BU,2,0.04064948354046598,6,3.580087644744593
4-06018-RE,1,0.01865671403688113,0,0.0
4-06026,2,0.1669023474738115,2,1.0896286035014957
4-06056,1,0.008126243195524756,4,3.05161420200007
4-06074,2,0.14508904396839803,0,0.0
4-06076,1,0.0069006139454865605,8,4.348111320715331
4-06078,1,0.007918983060154752,2,0.6702692942721673
4-06106,1,0.6793476267771617,0,0.0
4-06153,2,0.1571779985892587,0,0.0
4-06170,1,0.9202622339704126,0,0.0
4-06176,2,0.2687985742311093,2,1.1856382164738062
4-06195,1,0.02406146261905801,1,1.0
4-06258,5,0.5074359132754592,5,0.9706709492512368
4-06376-GN,1,0.20613614355771848,2,0.7811163193239005
4-06376-MV,1,0.12391946933700136,0,0.0
4-06376-OR,1,0.13026849943441549,0,0.0
4-06393,2,0.18853057761813607,0,0.0
4-06404,1,0.12359863320623769,0,0.0
4-06409,2,0.16989762474314096,3,1.6473940135787442
4-06410,4,0.3490370745659097,0,0.0
4-06413,3,0.3505683559316755,2,1.1349567065181523
4-06466-BK,10,1.3696020471405497,0,0.0
4-06466-BU,10,2.9259501326533,1,0.04854540572994833
4-06466-PI,12,1.8234971565510474,2,0.5385212585567881
4-06476-PB,1,0.12218831574270168,1,0.7151396948596861
4-06477,2,0.18572654515186737,1,0.41765609602398224
4-06480,2,0.20426133513007544,0,0.0
401178-BR,1,0.006662669549802454,0,0.0
401178-GY,1,0.04095606885942527,0,0.0
40570,6,3.313570426733687,4,0.9943979593858698
40615,1,0.48469939257498124,3,2.1835502540296963
40697-BU,1,0.11197774502058468,1,0.5651705231031362
410033,1,0.007845444646154111,0,0.0
41276-GN,2,0.029214210643343237,1,0.5070693287356937
41276-OR,1,0.048014323202465486,0,0.0
41276-RE,1,0.016693997033817416,0,0.0
41276-YE,2,0.029346603279545788,1,0.5070693287356937
41497-RE,1,0.4857411536957968,6,5.610966331793462
41497-YE,1,0.7376597337056809,0,0.0
416/89003,1,0.00738552213164857,4,2.3896390699377466
41688-F,1,0.31422551430408757,1,0.5126592796033895
4185359,1,0.11524228663975498,2,1.3847088178797193
42-2689,1,0.2611110315471874,1,1.0
42-2721,3,0.05262099247814468,0,0.0
420265,1,0.0009817403260495203,2,2.0
420277,1,0.0048542110286230325,3,2.6779189190648465
420325,1,0.07014994884593431,1,0.6992778970220487
421370,1,0.00027031274005864364,2,1.141876711459614
421630,1,0.0009264649023429214,0,0.0
422104,3,0.020828198628351884,9,2.5502107246894723
42504Z-GN,2,1.8426071532182853,1,0.7009613581761166
42504Z-RE,1,0.9053591756650388,1,0.7009613581761166
43574,12,1.3594524760354605,47,6.511772488164903
43P6396,1,0.007855652359561722,5,2.363394343236965
44/585,2,0.6537583579729878,0,0.0
44/767,4,0.9853870765186361,2,1.1676904667241277
44/768,3,0.7260386286061488,2,1.230747112869965
44/858,8,3.067190824092146,3,0.8681964429049658
448.1.588294,12,0.046855234175734596,32,4.538372711071102
448.1.589215,7,0.8273286729162844,2,0.12218339339328221
448.1.589256,33,0.6845935054893181,65,3.323990696265772
448315-24-TR,1,0.032363634990908066,0,0.0
44P6444,1,0.009039635574203219,5,4.306860040331108
44P6445,1,0.009039635574203219,5,4.306860040331108
45/000434,2,0.0006743744560350924,2,0.2800610602486686
45/00EB11,1,0.0019572113212077275,3,3.0
45/00SH21,1,0.011748355867344297,1,1.0
45/00SH33,1,0.0012890976159802218,1,0.7862024349358114
45/00SH42,2,0.00036840632340490236,9,5.995857727931445
45/STEM01,1,0.00046283200677150105,3,2.1162382917881324
45/STEM03,1,0.00042681499538995847,1,0.2965903266130802
45/STEM04,1,0.00019042274030690867,2,1.0981489752395108
4581263,1,0.005357883636637321,0,0.0
4658012,2,0.5197737729119958,5,1.7490077202038656
48/32336,1,0.8862249569494053,0,0.0
49211-MV,2,0.026098169121109124,0,0.0
4M0012,2,0.01976729627347258,6,4.096396978082281
4M0031,2,0.00015504387841954907,0,0.0
4M0065,1,0.00018592914076491452,0,0.0
4M0066,1,0.00012154730160769178,0,0.0
4M0122,1,0.0008326471648164218,0,0.0
4M0137,1,0.00018340896287975957,0,0.0
4M0138,2,0.043695462068304984,4,1.3505639115113133
4M0156,1,0.00042515645239218095,6,3.41122959292738
4M0265,1,0.0004509735507236925,16,12.044050801349089
4M0434,1,0.0004449669733516722,0,0.0
4M0522,1,0.01614237713523542,1,0.3410733374845466
4M0541,1,0.12261291065620457,0,0.0
4M0574,1,0.017746643709177123,2,1.836049858284568
4WD05-GRN,10,0.5349948041801729,3,0.20281421187723989
4WD05-RED,7,1.739821499880377,4,0.2923948336156928
4WD12B-YEL,1,0.0001811727564384313,0,0.0
4Μ0496,1,0.00046283200677150105,3,2.1162382917881324
4Μ0502,1,0.00012188435119571983,0,0.0
50-00799A-PI,1,0.003914720654790411,2,1.1178286963236146
50-112,1,0.005853227656691005,1,1.0
50-113D,1,0.0033616507329206706,3,2.016306998794304
50-11615-GN,1,0.001926541921929317,3,0.2934664833064534
50-11615-RE,1,0.0019134961475863032,0,0.0
50-1348-2-RE,1,0.008088380999864692,2,1.6194983963098781
50-1348-2-YE,1,0.2465330493482249,1,0.16711899327587454
50-20210,4,0.05165433627911209,1,0.19992055491266203
50-222-70,1,0.01029051997336146,0,0.0
50-222-73,1,0.0018995296024519241,0,0.0
50-2806,1,0.0020322334565407115,0,0.0
50-2866-1,1,0.005492693858547887,0,0.0
50-30-1,1,0.0026242430657130904,2,1.0497947604647095
50-303,2,0.1387624463461778,1,0.3410733374845466
50-5588-624-PB,1,0.004347791596290426,1,1.0
50-6036,3,0.015255027794231905,0,0.0
50-6705A,1,0.004697302366545861,2,0.17984990144439783
50-77002,1,0.002859755429070517,0,0.0
50-855-75,1,0.007439617639174441,0,0.0
50-866-2,2,0.013128970565786165,0,0.0
50-88317,1,0.008474220433985798,0,0.0
50-888-5B-R,1,0.0033616507329206706,3,2.016306998794304
50-898-1808,2,0.005239535647181104,0,0.0
50-9209,1,0.002936706437271459,0,0.0
50-933-134,1,0.7105452225232615,0,0.0
50-934,1,0.0034318454679484168,0,0.0
50-X21,1,0.003405119895164558,0,0.0
50043675,1,0.01849932410497513,0,0.0
5012-70532,6,0.0072192100230101305,4,0.552496676016444
50311,2,0.0009062007888562737,1,0.592534020606334
505101,2,0.00023141385686627192,0,0.0
508-004331,1,7.154890613197429e-05,0,0.0
50826,4,0.0012358719536814256,2,0.781220107868032
50846,6,0.769274758134026,5,0.22686378916890493
5172-L,1,0.6875763944286526,0,0.0
5172-P,1,0.11576494933993273,2,2.0
5172-T,1,0.11576494933993273,2,2.0
5172-Y,1,0.11576494933993273,2,2.0
5174-D,1,0.02100034771537167,0,0.0
5174-L,1,0.0223017974283883,0,0.0
5174-P,3,0.06327569844458006,0,0.0
5174-T,1,0.02990315970793508,0,0.0
519-5129,2,0.11048651134144069,5,3.7328012145629046
520104,1,0.0031602162057208843,2,1.1903721879224023
520128,2,0.003635985620814676,5,1.2709991063332744
520129,4,0.059733158171048614,8,0.7582148021605912
520133,1,0.014023237118239346,0,0.0
520149,2,0.03802791193612074,0,0.0
520150,5,0.02506902059462828,6,1.1831862578819394
52121-C,1,0.6363682148218143,0,0.0
52121-I,1,0.05212688995771839,0,0.0
52563,8,0.00905862722201176,32,8.59199521506308
5297399,4,1.4732497849354909,8,4.5869995928466105
530-00515,2,0.6302245784674287,0,0.0
530-08034,3,0.8732155735397943,8,2.3813803894740166
530-08464,3,0.291855168649763,12,5.078120166661521
530-13085,1,0.025485252579831925,0,0.0
530-13102,1,0.14269128695560454,0,0.0
530-13126,1,0.004935990697128195,0,0.0
530-40413,1,0.02380527578244009,0,0.0
530-60151,2,0.012112202115958452,0,0.0
530-76942,2,0.26406100103347085,2,0.7474023791536388
530-84734,1,0.005246390060380472,8,4.310005700767759
53610,4,0.0006698558179914979,1,0.008131302385418997
54886,8,0.18739438370686462,12,1.5824730228666535
551-10235,1,0.06556722410431,0,0.0
551-29203,1,0.0007631014476057622,2,1.2482492178932736
552-89203,1,0.14312300262386227,0,0.0
553-31238,2,0.00458595817743159,1,0.3436094021650444
553-60266,3,0.08539380889932377,1,0.9528480856056952
553-63238,3,0.0010079671270885233,10,3.803004284433305
553-64209,1,0.05521377843244874,0,0.0
553-64238,3,0.0055003235662075415,14,4.813043701208509
553-78203,5,0.05818394273179213,7,2.9927079972822184
555-18209,2,0.35235675823477014,1,0.4812029859028629
555-19204,3,0.03899405218566255,0,0.0
5550-2,3,0.0015459222913256155,1,0.3779594597033228
5550-4,3,0.0017402897767852892,0,0.0
557-18209,1,0.005225515047670455,0,0.0
557-25235,1,0.00043671653530052794,7,4.281407464995982
557-39266,1,0.003338365441376323,0,0.0
557-92238,3,0.0028678976676966682,11,3.0841185585776483
558-76260,1,0.00032515916777409,1,0.6804008030286638
559-90230,2,0.022139173277964042,2,0.288508517529312
565-R2,3,2.4733169179164727,0,0.0
569-00248,1,0.45186212683221877,1,1.0
570-49245-P,1,0.06649178171405415,1,0.2951490016218954
570-49245-W,5,0.7632825494826235,4,0.5924916342819414
570-83267,2,0.4963973610856983,0,0.0
570-92231-01,2,0.02853133515216955,0,0.0
570-92231-02,5,0.22528278019439746,2,0.38248602521438113
571-01232,3,0.0955238277712242,0,0.0
571-40209,2,0.028856267386288634,1,0.05610787416232085
571-43204,1,0.022966240820432207,2,1.8996819065441732
571-43265,2,0.02837343663905636,4,2.36055180427327
571-44204,1,0.06092188078939572,2,1.9583732330456503
571-44265,2,0.06632907660801987,4,2.3269067735941413
571-45265,1,0.000475425036870966,11,6.84188559950267
571-46265,1,0.005246390060380472,8,4.310005700767759
571-49204,1,0.00035746913027160504,1,1.0
571-49265,1,0.00035746913027160504,1,1.0
571-50204,5,0.0038140375840835738,2,0.30456971167801483
571-50265-L,2,0.08695722820435026,8,6.22384391730102
571-52204,1,0.00098806746043619,0,0.0
571-55204,2,0.004477030333896754,2,0.9254030328074067
571-58204,3,0.0401366769387624,5,2.5240821132405427
571-59204,1,0.021137358661088637,1,1.0
571-69204,1,0.13907337033854816,4,2.0723259835289918
571-69265,1,0.8155376121526993,8,6.582080277627629
572-50232,1,0.019430655934760416,3,2.781855569994935
572-51209,2,0.04412074417836186,2,1.4138459702064607
572-52265,1,0.8155376121526993,8,6.582080277627629
575-40232,2,0.16534996165501803,4,1.6814688764855459
579890-BU,1,0.007308662693676793,3,2.8284079364057133
579890-GN,1,0.007308662693676793,3,2.8284079364057133
579890-GY,2,0.010649995325038214,4,3.0453490549435114
579890-RE,1,0.007308662693676793,3,2.8284079364057133
580812EUC,1,0.009940474840131707,1,1.0
580829EUC,1,0.009940474840131707,1,1.0
58300-H.L,1,0.5654098067478773,7,6.103342207259433
584044-F,1,0.005211288010035733,0,0.0
584044-M,2,0.007897879604580786,0,0.0
584044-P,4,0.032492095397185304,0,0.0
584044-S,1,0.0012682896418294294,0,0.0
584196-PI,1,0.005191574733668286,0,0.0
584196-SM,2,0.01076562128561958,8,3.2195279683891695
584262-GD,1,0.01781685826729378,0,0.0
584884-BU,2,0.04451662378370025,1,0.39141652148498635
584884-PB,1,0.020343978942643615,0,0.0
584884-PI,2,0.04063493328065711,0,0.0
584884-TR,2,0.03916090617737531,3,0.9258412197635395
585182-BU,3,0.05921008414733178,8,3.278264228127217
585182-MV,3,0.05950209263234172,8,2.7848862916829384
585182-PI,3,0.06057566766759058,6,2.1315771707553535
59625-PI,1,0.7525959658021871,1,0.09347176389556204
59625-PYE,1,0.5487959633772855,0,0.0
59625-WH,1,0.5182153880107639,0,0.0
6-608728,1,0.006825642150941329,0,0.0
600027-24-BK,2,0.06636346523562503,5,3.3359608398152747
600027-24-BR,1,0.027170032966102018,1,0.518532433773876
600027-24-BU,2,0.06773982111711085,3,1.7808518779931104
601467,1,0.725075118593795,5,5.0
60154A,4,0.007696545345669996,2,0.21771620700254107
6054918,10,0.024421211813837974,23,4.0545322171770835
605519-PB,2,0.17421312530777655,4,2.6223230985046864
605519-PI,2,0.17348425011242466,2,0.7696108182188921
606035,1,0.0485388072495011,9,4.078931214910382
6061,5,0.23622784653431658,9,3.0087384457103123
6065-PI,1,0.03912241287292657,4,2.851087972765599
622165-L,1,0.6658127157834018,0,0.0
622165-N,1,0.47167101519547605,1,0.17648939538783584
6315870301-PI,1,0.74733351654925,2,1.093144394809663
6315870301-RE,5,3.5341636992357617,2,0.6852827563090171
641100NNP080,2,0.35930174963744976,0,0.0
64120N70,1,0.005173358484225171,4,3.2311251801612446
661-20D,1,0.007144408591705148,3,1.9355674825168994
670034,1,0.5154385277923103,0,0.0
6843-MV,1,0.008033660878127343,3,2.6480604090554403
6843-RE,1,0.008033660878127343,3,2.6480604090554403
68647,4,0.0012766690045662873,4,1.3791331695244753
689-11,5,0.014705596260794138,3,0.36099777534447314
690017,1,0.00812559387870537,0,0.0
690018,1,0.530384106967215,0,0.0
69100,3,0.013396700828660678,3,0.23890130895903083
699-17150,1,0.015593775059223096,0,0.0
7.090758,1,0.03098440631869802,0,0.0
7.1028,1,0.7777847741406244,5,4.806964735520603
7.1321,3,0.0007753127161949033,1,0.0933685755451628
7.22555,1,0.26365744383149053,8,6.517405794394668
700200F,3,0.001203066489297805,4,1.800231425077763
700302F,2,0.0008413433512900002,2,0.6816154128517538
700304F,2,0.0008156707660934555,3,1.542094293668988
701181,5,1.3990894544495855,0,0.0
701670-S2,1,0.00030151962132610367,0,0.0
701670-S6,3,0.000980017399179569,0,0.0
71176-R,1,0.16740978391411504,0,0.0
712770,1,0.49320859816721807,0,0.0
713130,1,0.03878923338477691,0,0.0
71332DD-Mic,1,0.028119876105408916,0,0.0
71332DD-Min,2,0.26321073253755933,0,0.0
720.11.3027,1,0.3504376840147564,0,0.0
721.182062,1,0.5300779499863332,4,3.513991919024344
721.182909,1,0.09503100567044677,0,0.0
727.07262,3,0.008499327357217725,8,2.8143538909312262
727.07263,2,0.0002721214175661976,5,0.6289560959383559
727.07272,2,0.0006791283570705448,1,0.5210280456331153
733.611,2,0.33569749249354514,5,3.8332748733022726
7332-D,1,0.00137434650755912,2,1.4193568910928611
7332-H,2,0.0027288082111148254,3,2.414204175329809
7332-HP,1,0.0013544617035557054,2,1.4090514595667571
7332-L,2,0.0027288082111148254,3,2.414204175329809
741038,2,0.0009761212049615086,4,0.7726494440814623
741093,2,0.08323787514378063,3,1.7450205061445354
743630,2,0.007478092354444938,19,11.827727266524828
743633,1,0.0022093801348555594,7,3.364633696660703
743634,2,0.007478092354444938,19,11.827727266524828
743635,2,0.007478092354444938,19,11.827727266524828
743636,1,0.0022093801348555594,7,3.364633696660703
7518-80651,3,0.0062696438820295936,5,1.2019094313392706
754.H33V,1,0.3681231994155732,0,0.0
75676,10,0.7624038914835262,9,1.7680475468028376
760017751-B,1,0.0015711157727301215,0,0.0
760017751-P,2,0.0029457669419902864,0,0.0
760018651-C,2,0.049305347957239884,3,1.1405788416356726
760018651-M,3,0.3001053357103279,3,0.5700666667187064
760018651-S,1,0.029491339336687607,0,0.0
760020051-3,2,0.009531986951757374,1,0.8067871569417274
760020051-4,1,0.004807007280221655,8,5.61135952195984
760020070-B,1,0.015489711839546907,0,0.0
760023868-PB,1,0.725075118593795,5,5.0
760023868-PI,5,3.0204385039066475,0,0.0
771-15727,4,0.060425443488319644,9,2.6488611056305778
771-80627,4,0.013153974125413146,15,4.067678812618022
771-81391,2,0.05714085899968071,13,3.7632745744982206
772-16527,2,0.13041285108055545,0,0.0
773-14238,1,0.9958001805665575,2,1.3821251825386738
774-00049,2,0.08719865644464059,3,1.362456365211155
774-00691,1,0.19479894904050046,1,1.0
774-56346,2,1.272955288537636,2,1.0686814944829284
775-40046,1,0.019430655934760416,3,2.781855569994935
776-77238,4,1.1655115472399031,9,1.5538476507237307
776-77246,2,0.09741789999325245,10,4.816577320054205
777-51427,1,0.0011625163440443656,4,2.7079174296696387
777-51946,1,0.005173358484225171,4,3.2311251801612446
777-70149,2,0.0007023706709035394,1,0.6804008030286638
778-2,2,1.9250173309076701,0,0.0
779-90246,2,0.029075719257460535,2,0.46082575018245564
7975-S,1,0.6707031544646216,0,0.0
810-29885,1,0.0007878107037664045,1,0.4551154307839341
8143-BU,2,0.0023734559546998253,6,2.472217582524268
817-60399,1,8.006502420067002e-05,3,1.1262378303407157
817-60695,1,0.00019616234541847957,1,1.0
818-01151,2,0.0035981836569668247,5,0.6231465481495392
8185651,1,0.00042043395043196626,0,0.0
819-00009,6,0.0028945096772905214,4,1.2871775270416344
819-00280,1,0.1170326376751182,1,0.15470712062184663
819-00380,1,0.032371298875668815,0,0.0
819-00390,1,0.0018073296559030063,2,1.4493205965952547
819-00400,2,1.5190434082167907,1,0.4979857254292426
819-00420,1,4.777708394986642e-05,3,2.4799774710708262
819-02640,1,0.003060369661587248,0,0.0
819-03510,2,0.0009230451334145749,8,3.3957696476239283
819-03990,1,0.0019146714712002344,2,1.048061563924834
819-04080,1,0.0914289003350244,0,0.0
819-04230,4,0.13292320701673385,3,1.2374039944162698
819-04320,2,0.22766893424055612,0,0.0
819-06520,2,0.08488020875258478,2,1.6949252248359055
819-07311,1,0.0005112971045231735,3,1.8359427431195767
819-10480,2,0.07128702632040279,0,0.0
819-12590,1,0.0040741056341724174,1,0.03853638968010092
819-12930,1,0.0029637156395870335,4,2.5860683092827523
819-12946,1,0.01195551741636122,1,1.0
819-14110,1,0.0016739467952419618,0,0.0
819-14240,1,0.051561714230594864,2,1.2831903846249135
819-14334,2,0.0023257043348627873,6,4.4171437778391995
819-15440,3,0.002276128290797455,0,0.0
819-16560,1,0.12826536175316897,0,0.0
819-18450,1,0.000485649175231172,3,1.6395561273594796
819-18880,1,0.0001257826747889322,3,2.137511272111095
819-19210,1,0.8987038495930308,0,0.0
819-19401,2,0.00023056526386121376,0,0.0
819-20170,1,0.0004862710564634886,1,1.0
819-20750,1,0.010531838732811185,5,4.154668061668898
819-21010,1,0.0458429256456473,0,0.0
819-23116,1,0.12335075091855106,0,0.0
819-23241,2,0.7087343116679367,6,1.4078140414707052
819-23440,2,0.07642726438241634,1,0.3919368224878822
819-23885,1,0.0679642302196875,1,0.32639901981832603
819-25441,1,0.09003965726916496,2,1.0166735254637689
819-25441-lampada,1,0.7132576003121047,0,0.0
819-25490,1,0.0031297575644339136,0,0.0
819-25510,1,0.09368426005916088,0,0.0
819-28530,1,0.0001916577251959895,0,0.0
819-29030,3,0.00038172400410069115,1,0.5698841202602787
819-34060,1,0.00043079507079270334,2,0.5095842461231259
819-34080,1,0.00017660202453899599,2,1.528959229891662
819-34150,1,0.0004274923916062181,0,0.0
819-34180,3,0.005075064540385825,2,0.6658134192374203
819-34230,1,0.0001211360919638277,2,1.2143395996015354
819-34370,3,0.003031756520248617,5,3.1516510072704906
819-35570-lampada,1,0.04848161105979703,0,0.0
819-36300,1,0.06856843619707689,0,0.0
819-36390,1,0.4172077891195367,0,0.0
819-37760,1,0.020816875887827734,0,0.0
819-42170,1,0.00018739629386671874,0,0.0
819-42570,3,0.0030861239691338735,6,1.6990588878240056
819-44150,1,0.0036199514720479777,0,0.0
819-44160,1,0.003684334962335808,0,0.0
819-46170,2,0.947124534662255,0,0.0
819-46260,3,0.008634012435985465,19,11.744993616006765
819-47330,2,1.1897575566230947,0,0.0
819-49840,4,0.9114694482061524,2,0.9088785855483623
819-49840-lampada,2,0.7700942683176506,3,1.2434938949777727
819-51100,1,0.00047693591104465926,5,2.7689867975932727
819-52540,1,0.14358943899122367,3,2.3096102469081097
819-55110,1,0.0018719404877419223,1,0.3772398184722388
819-55200,2,0.0003035178257108913,2,0.999800187649623
819-56420,1,0.01155152544769156,0,0.0
819-56420-lampada,1,0.7139782089878364,0,0.0
819-61040,2,0.23399150163516413,0,0.0
819-61540,1,0.00805700484181356,0,0.0
819-62750,1,0.19417432647663865,0,0.0
819-63390,1,0.17061239076435306,0,0.0
819-63630,1,0.03235134954699741,1,0.42880805420845197
819-63670,3,1.398878524275968,1,0.4979857254292426
819-63670-lampada,1,0.01169020694618442,3,1.2336338357240382
819-63870,1,0.0007439209792833592,0,0.0
819-64200,1,0.03284813955103298,0,0.0
819-65960,3,0.0009460136980425234,0,0.0
819-66000,1,0.02406146261905801,1,1.0
819-66030,1,0.0007372871440506285,3,0.7498936417841893
819-66340,2,0.64151415398793,0,0.0
819-66340-lampada,1,0.7361843036945173,0,0.0
819-66880,4,0.15408902880799966,5,0.5667292348793687
819-67090,2,0.0008705191592284416,5,1.4400729849227498
819-67100,2,0.000845925137092516,3,1.694535428907669
819-67410,4,0.0018324846725070458,15,4.6177595880317615
819-67480,1,0.0011168898497828815,1,0.03670759551853126
819-68180,1,0.4880281002342332,0,0.0
819-68990,1,0.1648046592364918,0,0.0
819-69107,1,0.007145519068152775,16,12.198788792765292
819-69360,1,0.00048659288710760297,1,0.03260924776868243
819-69430,2,0.0015094361549238009,0,0.0
819-69750,1,0.012468104927567718,0,0.0
819-70330,1,0.0005109030921986016,2,1.4304560539526614
819-73280,2,0.0015683091796363752,0,0.0
819-73330,5,0.020842026802137516,5,1.415788204295437
819-73720,4,0.0024986986019675467,0,0.0
819-73750,2,0.0010170407515960199,0,0.0
819-74040,2,0.1595415862396401,0,0.0
819-74100,1,0.0005805699506248676,1,1.0
819-74750,2,0.006124221950563141,0,0.0
819-75990,1,0.00068880642823343,4,1.8741068043638947
819-76230,1,0.0026634838166487663,1,0.8131373734930861
819-76630,2,0.316405658268213,0,0.0
819-78450,1,0.13481675673089466,0,0.0
819-78520,1,0.1238705840230954,0,0.0
819-79120,4,0.7144728433349223,0,0.0
819-79185,2,0.43526766832816877,0,0.0
819-79210,1,0.0004892328918964978,0,0.0
819-79230,3,0.0005616094121411309,2,0.7314177271092082
819-79720,4,3.086740143233541,1,0.4947747076238941
819-81150,1,0.6917168678254294,0,0.0
819-84209,2,0.069197460260724,0,0.0
819-86210-lampada,1,0.7295872484210661,0,0.0
819-86310,1,0.51842671020051,0,0.0
819-86390,2,1.0154247142656994,0,0.0
819-87340,2,0.8295788694641772,0,0.0
819-88070,2,0.7912358013375019,1,0.08072484706897626
819-88840,2,0.03146634199552138,1,0.1488541888532187
819-89530,3,1.9908678293395137,0,0.0
819-89780,2,0.0076311682433839465,19,12.437779577271533
819-90700,2,0.00023999214339591788,0,0.0
819-93910,3,0.001416792401836387,1,0.4097876000155279
819-94180,1,0.004496841868263436,0,0.0
819-94270,2,0.017209284733523126,1,0.5811976558026937
819-94840,4,0.11823703361431614,2,1.1639498987685244
819-94850,8,0.005150623361967932,13,2.4539861752568957
819-95270,5,0.005525022937387292,9,1.6244161142325444
819-97410,2,0.0009711906440643567,0,0.0
819-98831,2,0.006633214098869902,4,1.7805070926731894
819-99390,2,0.01045399015892943,2,0.9009919361175471
819-99590,2,0.0009698697692363308,1,0.4097876000155279
820-00620,1,0.11797634391508141,0,0.0
820-02047,1,0.0004458016481641966,0,0.0
820-02115,2,0.2978120015671527,0,0.0
820-03164,1,0.14012726695133126,0,0.0
820-04024,1,0.03173966261742063,0,0.0
820-04451,1,0.12988567394043118,0,0.0
820-05397,1,0.47558951196923216,0,0.0
820-05991,1,0.07390149745026191,1,0.8773876069773255
820-07051,1,0.00018322673217049013,4,1.758163760275721
820-18050,1,0.00012547414467906957,0,0.0
820-19030-p,2,0.5883032486875532,0,0.0
820-22021,1,0.00018421021780777282,9,4.446894032346538
820-22038,1,0.004454893199541975,2,1.1748695235930167
820-22137,1,6.797808503574669e-05,1,0.698599880550947
820-22168,1,0.03136171025757827,2,0.5693598558308764
820-23004,1,0.002755694639938367,2,1.258286506377366
820-23011,1,0.009775597331938304,0,0.0
820-23035,1,0.00018055940607672032,0,0.0
820-23059,2,0.011444573518202036,6,1.8766375795627006
820-24988,2,0.0009082210300645709,0,0.0
820-25163,4,0.0022073832636674787,6,1.5038575423134202
820-25190-04,5,0.003296909912053162,5,1.0208024471841546
820-26138,11,0.008626335649889981,8,1.1703689007157725
820-26265,1,0.0004948483502260406,6,5.9170473046579275
820-26272,1,0.004341418974312728,2,1.0239256823320242
820-26302,1,0.0004949137865396037,3,1.9909533078426342
820-26319,1,0.0004987994155656578,2,1.0164808588320857
820-27194,2,0.027046671955640977,3,1.0665517565685556
820-27217,2,0.007257406893351277,3,0.9298697550669804
820-27248,1,0.0018583219093965203,0,0.0
820-27255,5,1.2552734502812493,8,2.6617243212654076
820-27392,10,0.2172422208547923,18,1.4858654718946285
820-47901,1,8.082868412971664e-05,2,2.0
820-52255,1,0.07446075030349261,7,4.726629587046208
820-55713,6,1.3638265469550233,13,3.073062855422119
820-55720,2,0.19479551594676242,0,0.0
820-55935,1,0.4058140341624615,4,3.573406665564576
820-57023,1,0.12494943694790679,0,0.0
820-57344,2,0.0006741788833753079,3,1.1351512819796603
820-62607,7,0.06494282780553579,6,1.5114435370792367
820-62645,1,0.00012044833583433474,1,0.34191587844023136
820-64116,2,0.890551810667294,0,0.0
820-64123,1,0.48434779153418894,0,0.0
820-64185,2,0.7171540014242257,0,0.0
820-64892-a,2,0.0046573325805368306,3,0.43156611784958926
820-66308,1,0.0010293971983216389,1,0.5414695941734812
820-67534,1,0.0001904089384187097,0,0.0
820-68265,1,0.002144933755424706,0,0.0
820-68647,1,0.00019387785856435173,0,0.0
820-68791,1,0.5861802661574005,0,0.0
820-72415,4,0.007565067827795903,5,2.433224704284427
820-73702,2,0.00661457114471602,1,0.6620866757708017
820-77595,2,0.0003683975314359288,2,0.6350061169300327
820-77601,2,0.0003718941466505318,3,1.6997132069624035
820-77632,1,0.00018528695735210485,3,2.1138861011558614
820-80653,2,0.01122144377710701,0,0.0
820-80700,3,0.009848424330430995,16,10.517072149092279
820-82080,1,0.0018774570269965048,0,0.0
820-84166,1,0.047960134142624164,5,3.675393927202252
820-84180,2,0.715604338388832,0,0.0
820-84197,3,0.25179746420717924,0,0.0
820-84671,1,0.0004767129153765647,1,0.07076481533768675
820-85098,1,0.03005363875815705,0,0.0
820-85104,1,0.13033904917194797,2,1.585089525647631
820-85111,1,0.011767815280571157,0,0.0
820-85996,1,0.11149259301817975,0,0.0
820-87436,1,0.03105343034349664,2,1.4474595180849956
820-91594,1,0.0019626741724594744,0,0.0
820-92499,1,0.006524372856055747,2,0.29691226606365495
820-92680,2,0.01114300171391984,10,5.50509181527547
820-92765,5,0.09599978204208383,7,2.6326014398840623
820-92772,4,0.3301037841629279,6,0.5620433885800036
820-93406,3,0.24158751974257536,1,0.21369175360737283
820-95292-b,2,0.04048221427703504,8,3.451268690915844
820-96855,2,1.07514662777043,0,0.0
820-96893,2,0.6377384832968747,4,1.2166499780652367
820-97050,1,0.12169827719432973,0,0.0
820-97060,2,0.08211079271383212,1,0.21369175360737283
820-97456,1,0.013011279580462491,0,0.0
820-98248,2,0.11802014453465934,0,0.0
820-98378,3,0.2178934738855567,3,1.0216175763401816
820-99139,1,0.0349317919424484,1,0.2405036336316579
820-99382,3,0.17255822791762165,2,0.7567762084524212
82321-BU,1,0.0012847819275560717,0,0.0
849-29488,1,0.025180184143575472,0,0.0
851-10735,1,0.0008827493766807745,1,0.48556895515010606
855-00030,1,0.015616602205737521,0,0.0
855-00032,2,0.015765288667726078,1,0.05073875949815164
855-00035,1,0.00971857335424148,1,0.13149606989596802
8550001PL-02,1,0.7459040061925192,0,0.0
862-80120,1,0.004594952087005122,3,2.628758194340271
862-81510,2,0.020198390415362984,0,0.0
862-96020,1,0.00474387061076392,0,0.0
870-20130,1,0.000944472449776857,0,0.0
870-91120,2,1.0583368734816585,1,0.9660357377548179
871-70130,1,0.58833379783431,1,0.676361359140719
871-90130,3,1.2860747792974045,1,0.676361359140719
877-00602,2,0.08395820926109351,0,0.0
877-50601,1,0.31655472745142416,0,0.0
879-01120,3,0.004537550900068007,0,0.0
88.17449,3,0.0010897794390539032,2,0.5024851334102327
88.18117,2,0.0008738867181149687,4,1.110128276777367
88.2016,1,0.003047800622466742,0,0.0
890122-24-R,1,0.03001614264241427,0,0.0
890122-BR,1,0.002055657046210627,0,0.0
890139-24-S,1,0.03255175052004922,0,0.0
890139-GN,1,0.002071760040133397,1,1.0
892935-BR,1,0.0035918145082572046,0,0.0
900-02002,1,0.18450479725438038,0,0.0
900-02003,1,0.11770896168079945,2,1.3684988352325536
900-11141,1,0.03260332875941141,0,0.0
900-12522,1,0.7240128424242307,1,1.0
900-14035,1,0.03243437935294683,0,0.0
900-89144,2,0.06748805682447018,1,0.08802408305336645
9008E,2,1.543023343571989,1,0.6135810015352335
902005-BU,1,0.002514294805940719,0,0.0
930020,6,1.1760848747038308,11,3.2317753324924765
930998,7,0.7409886360352154,20,4.138700515096235
932353,1,0.05666840093163639,0,0.0
933138,2,0.017045332674942383,1,0.0789191672856565
960781,3,0.1751545955408131,0,0.0
9786180111873,1,0.003665865537001674,1,1.0
9786180114744,1,0.000495042053767778,2,1.660274266255951
9786180118292,1,0.00037944486978299866,0,0.0
9786180120172,1,0.00018906014832830462,1,1.0
9786180120189,1,0.00012583632787308246,0,0.0
9786180125689,3,0.0009425931774403007,12,4.157799759815933
9786180128277,1,0.0004284792554863501,4,3.232119003906765
9786180129786,1,0.00046502361561994284,1,1.0
9786180130065,2,0.0006337151493570798,6,2.901850338074755
9786180130089,2,0.0007768626660949354,4,1.8106207413571473
9786180131406,1,0.00034560354113010935,0,0.0
9786180131482,1,0.0004756472629404588,1,0.6427337884323666
9786180131499,1,0.00026188362303670196,7,4.0568083507740695
9786180131567,1,0.0004973142382858341,1,0.8556249262057292
9786180132687,2,0.0020852089371466037,13,3.4419977078994424
9786180132694,1,0.00044762181372899883,5,4.19495812659677
9786180132915,1,0.0004552311175091773,2,1.2414418043146818
9786180132922,1,0.0004552311175091773,2,1.2414418043146818
9786180133646,2,0.0009335921709664926,4,1.777088573909916
9786180134018,1,0.00043892924442534873,4,2.7073259284286637
9786180134032,1,0.00026188362303670196,7,4.0568083507740695
9786180135008,1,0.000512158233946993,1,1.0
9786180135206,1,0.0004549809730895609,2,1.2784802019966226
9786180135343,1,0.006522847126625128,3,3.0
9786180135954,2,0.03031934886054645,2,0.9245025631893558
9786180136241,1,0.00047541144095983713,10,6.537689408545883
9786180136296,1,0.0009153969523062706,1,0.0520862205680847
9786180136630,1,0.0004948483502260406,6,5.9170473046579275
9786180136906,1,0.00048594480633893186,3,0.902692982822977
9786180136913,2,0.000954422037912292,3,0.24773194729641757
9786180137392,1,0.0018789627963826318,1,0.047611279856511486
9786180137408,1,0.005924040198116633,2,0.9662156619312975
9786180137743,1,0.005459982189282151,3,0.5193439905390084
9786180138528,1,0.005156196570583747,1,0.8728321804200402
9786180138566,2,0.04973867950861362,11,4.140643487329555
9786180138610,1,0.002023045673404338,2,1.7089136924108228
9786180139419,1,0.004745773417222531,0,0.0
9786180139686,1,0.0028995552461596437,1,0.6620866757708017
9786180141047,1,0.0019572113212077275,3,3.0
9786180141054,1,0.005454412798111878,7,6.218271175858709
9786180141184,1,0.001942336783748656,4,3.1893725480019466
9786180141368,1,0.009039635574203219,5,4.306860040331108
9786180141528,1,0.002934825091459277,8,5.7671050119680185
9786180141559,1,0.0334155471562446,6,5.197658443740216
9786180142754,1,0.035644379756882026,2,2.0
9786180142761,1,0.03466707655421162,3,2.167461665110823
9786180142778,1,0.007216947850907498,0,0.0
9786180143287,2,0.02039989272347425,4,2.2035618522898277
9786180143638,1,0.011687613346906767,1,0.07535021482036215
9786180143782,1,0.007525229726539054,4,3.261505724839142
9786180143836,1,0.0029795585919653736,3,1.1933028049835528
9786180144055,1,0.007058281648165874,0,0.0
9786180144352,1,0.00956020701309396,3,2.4120699862138846
9786180145113,1,0.01217934588104258,1,1.0
9786180145137,1,0.007228815599360799,4,2.980313913433969
9786180150117,1,0.0359700479785588,2,1.2050744671520586
9786180151664,2,0.07973071921853236,6,3.9669915771550706
9786180152241,1,0.07312541185088169,2,2.0
9786180321487,2,0.007103663170170666,7,5.670104388959796
9789604536061,1,0.0014178329342218199,5,3.373082388420581
9789605931865,1,0.007811700738686838,5,2.4381373668862647
9789605932763,1,0.3394427126693615,6,5.9855861073224625
9789605932770,1,0.25040217481203547,5,4.551156258960133
9789605932794,1,0.25040217481203547,5,4.551156258960133
9789605932800,1,0.25040217481203547,5,4.551156258960133
9789605932824,1,0.007811700738686838,5,2.4381373668862647
9789605932831,1,0.007811700738686838,5,2.4381373668862647
9789605933005,1,0.030344151685367294,4,3.1955070245562704
9789605933715,1,0.04989421682127688,4,3.7910651715747257
9789605933791,1,0.18520141437785675,2,0.7068920929961146
9789605934057,1,0.49705688573540485,3,2.4632260241056767
9789605934415,1,0.006923841125094169,6,5.56936812394245
9789605934965,1,0.18452303466319234,4,2.8077641928206827
9789605935160,2,0.010375373089631561,7,2.9485191746980237
9789605935245,1,0.05220168305719904,6,5.541894935738977
9789605935382,1,0.006721362195080922,4,2.539961374849877
9789605935849,1,0.006721362195080922,4,2.539961374849877
9789605935887,1,0.007307208104840936,1,1.0
9789605935894,1,0.007307208104840936,1,1.0
9789605936242,1,0.03381324352053594,3,3.0
9789605936389,1,0.032336146676172316,5,5.0
9789605936426,1,0.05705857030054004,4,3.9709026005056867
9789605936723,1,0.03466707655421162,3,2.167461665110823
9789605936853,1,0.02904549567277912,2,0.7004994548475868
9789605937805,1,0.05017959614954021,3,1.9514796595935429
9789605937898,1,0.030472325901853795,5,3.482185615427265
A010101,1,0.49929462460597684,0,0.0
A2120,1,9.01411061944844e-05,1,1.0
A6701,4,0.0022505811181029083,2,0.664385267322122
ABD1/GAME,1,0.0009817403260495203,2,2.0
AEG5361,1,0.64066342710695,0,0.0
AG12459,1,0.0004949339409277573,4,1.588407561241374
AM485500-4,1,0.015034690651873552,0,0.0
APLI12851,1,0.0001690177123182373,0,0.0
ASC994161,5,0.8314329863971883,0,0.0
AU-9320-2-BU,1,0.008033660878127343,3,2.6480604090554403
AU-9320-2-PI,2,0.019128570411204023,4,2.70577016236358
AU-9320-2-TR,1,0.01109490953307668,1,0.7615889351972596
AU6500-PI,1,0.03136520289395689,0,0.0
AU6500-RE,1,0.016877651199745144,0,0.0
AV60203,1,0.007419390820039103,6,5.671083880789501
AV60212,1,0.007419390820039103,6,5.671083880789501
AV60310,1,0.006985842509394783,1,0.839148738479696
AV60521,1,0.005970601711431973,3,1.8868080410707815
AV60728,1,0.007562101295715152,3,2.535106116271784
AV60767,1,0.007419390820039103,6,5.671083880789501
AV60768,1,0.009055199881555336,4,3.734772508183941
AV60769,1,0.007419390820039103,6,5.671083880789501
AV60772,2,0.01647459070159444,10,6.9871292732593755
AV60774,1,0.007419390820039103,6,5.671083880789501
AV60775,1,0.009055199881555336,4,3.734772508183941
AV60776,1,0.00493841331853801,2,2.0
AV60777,1,0.00493841331853801,2,2.0
AV60779,1,0.005488550806808828,2,1.016942449018766
AV60781,1,0.005454412798111878,7,6.218271175858709
AV60787,2,0.09275892110698955,11,5.360687211806201
AV60788,1,0.11794149617948459,0,0.0
AV60790,1,0.007419390820039103,6,5.671083880789501
AX-1973,2,0.029668580582674266,5,1.044575425956789
B1803-H,1,0.5593126042436573,0,0.0
B4453,1,0.009069531109700112,5,4.005199087095081
B5517,6,0.002212726801575506,19,3.865745028702076
BB13009,1,0.027143585972875164,0,0.0
BB93005,1,0.00046944063466695826,3,1.1948056934708757
BB93037,1,0.00018770757864597476,1,0.389721320509703
BB93059,1,0.0001934858919226039,0,0.0
BF00626,2,0.15174822302719246,0,0.0
BF26029,3,1.6329661675320852,0,0.0
BF93252,2,0.8135292627369186,0,0.0
BFH65,1,9.864695039455962e-05,1,0.3803817720559566
BFH80,3,0.0008177821676069587,5,1.101033106262867
BGK04,2,0.00024137891542916034,1,0.2753764134777213
BGX29,1,0.00019718309924903515,4,2.0249590651490763
BGX30,1,0.23790247956496963,1,0.37049900252330054
BIC009,1,0.002337923794118255,3,1.556747632056413
BIC018,2,0.007431263249457772,14,5.478234578409846
BIC033,1,0.009055199881555336,4,3.734772508183941
BIC100-01,1,0.1390059088632088,0,0.0
BIC145,2,0.5337134388223541,4,1.905509085638964
BIC250,1,0.0004557049931946084,6,3.2751830538956046
BIC880,5,0.002737537632973785,11,1.9383374054726705
BJL04,1,6.369779290266336e-05,0,0.0
BL-FR7-60,3,0.016903974094679884,18,7.347827352598527
BL-FR7-B,3,1.3732303701606488,10,4.274749725424276
BL-FR7-R,1,0.594663193250917,3,2.342528591611455
BL-G2-10L,2,0.5737072886220195,9,4.886598318061654
BL-G2-5L,2,0.9081107498121728,9,5.662994668957172
BL-G2-7B,2,0.7228827921780699,5,3.566985772352043
BL-G2-7G,1,0.26365744383149053,8,6.517405794394668
BL-G2-7L,1,0.26365744383149053,8,6.517405794394668
BL-G2-7R,1,0.26365744383149053,8,6.517405794394668
BL-G2-XS-7L,1,0.00030156300333047606,8,4.770574806879622
BL-GCM4-R,1,0.41118210761598584,4,3.2609699451776084
BLN89,2,0.0006578532602985369,7,3.905192183943402
BLS-FR7-S3-L,1,0.21013364858877823,0,0.0
BLS-G2-7L,1,0.06123334002200867,0,0.0
BLT33,12,0.07914477865954664,21,2.460953865538996
BLT37,4,0.0015630099530547583,11,2.979175041881358
BLT38,2,0.0029389370377211122,4,0.8295020763077476
BMH49,1,0.00011514263973970696,0,0.0
BMK93,4,0.0024326571688324658,6,1.4420409690162062
BOTI38462-K,1,0.04638015433797224,0,0.0
BPGP-10R-FL,1,0.012612253726343154,5,3.7056903323234613
BPGP-10R-MB,1,0.21066601615759548,0,0.0
BPGP-10R-ML,2,0.01974440801850895,9,4.274766802456857
BPGP-10R-MR,1,0.9084592536710895,10,9.260610344693472
BPS-GP-EFB,1,0.5200438108382359,2,1.7921370945022783
BPS-GP-MB,1,0.2302102793107994,0,0.0
BPS-GP-ML,1,0.5654098067478773,7,6.103342207259433
BPS-GP-XB-L,1,0.9084592536710895,10,9.260610344693472
BR002441,1,0.49938370458545445,0,0.0
BR002481,1,0.37689470708857153,0,0.0
BR002511,1,0.9051315122332575,0,0.0
BT6181,1,0.0001184097495208509,0,0.0
BT8221,1,0.00018351145206247342,1,0.7058804465908621
BT8999,1,0.002624136202940138,0,0.0
BW32096,4,0.9968229922009583,1,0.9732066450857799
BW34088B,1,0.0048542110286230325,3,2.6779189190648465
BW34094,3,0.0007471271212391061,2,0.6688719409381524
BW34102,1,0.06601796700854627,0,0.0
BW36010,1,0.962423031618314,1,1.0
BW36057,1,0.9441221309124813,1,0.9732066450857799
BW36118,1,0.0009817403260495203,2,2.0
BW41100,1,0.018852423349889458,1,1.0
BW41105,1,0.001221337020109744,0,0.0
BW42046,1,0.0038714742596104215,0,0.0
BW43040,1,0.2879046035551231,0,0.0
BW43140,1,0.000246244059837992,1,0.5740974666602305
BW43159,1,0.25699761148233247,0,0.0
BW51012B,1,0.7143452349534808,0,0.0
BW52190,1,0.0004450267324267787,0,0.0
BW52270,4,0.013154932757130809,0,0.0
BW52418,1,0.06720291355111331,0,0.0
BW62003,1,0.018852423349889458,1,1.0
BW62015,3,0.22416850462531396,0,0.0
BW91002B,3,0.009062176749764984,5,2.342042295504164
BW91018B,1,0.09865016990363194,0,0.0
BW91041,1,0.07230969251486942,1,0.5328565585620831
BW91060,2,0.044556755763573354,0,0.0
BW93201,1,0.0024748976770410415,0,0.0
BW93519,1,0.0010696786737279466,2,1.0587600142166715
BW98001,5,0.20860921755063258,4,1.529503731712422
BW98003B,1,0.962423031618314,1,1.0
BW98022,2,0.13875174808538304,1,0.8155535539836903
BX-V5B,1,0.496928642196187,5,4.131289065126346
BXC-V7L,4,0.10403640802236036,21,9.24294557601753
BXS-IC-B-S3,2,0.029914441815829147,3,1.2178147743228924
BXS-IC-L-S3,2,0.9512735561749052,3,0.35984376855704353
C0125,1,0.0016331325665058275,0,0.0
C0126,2,0.005254728321229208,3,1.641912796397565
C0127,1,0.002641980648692111,0,0.0
C02G0130042,1,0.8310371218570634,0,0.0
C02G0130179,1,0.0008430809863311097,4,3.078638381445618
C02G0190125,2,0.0134364274658334,3,0.3946822023146973
C03G0720108,2,0.004789926699330836,0,0.0
C1817,2,0.4294513054441571,1,0.11777808962930204
C3479,1,0.0018162704473706113,0,0.0
C3480,2,0.003943426262900569,0,0.0
CA117,1,0.0018490442289232226,11,5.782936732219551
CA120,1,0.004372315015681456,1,1.0
CA158,1,0.03750994583331485,2,1.0442915176450558
CA302,1,0.13983767228065702,8,6.142110569238839
CA8101,1,0.01627485715577999,0,0.0
CBL16,2,0.036372679216538834,3,1.1023666330540665
CBL33,1,0.0002013955078108701,1,0.10328157403500712
CC2001,1,0.00025388755485364746,2,0.36127534302074404
CCG04,2,0.0025417410480514926,1,0.1914558001981608
CCP66,1,0.00019647635804752057,1,0.049577825242494114
CCP76,5,0.0015101306595040978,5,2.2821409374415884
CDC22,5,0.006357290648827412,15,2.864026405039872
CDC52,3,0.00057023305557917,8,2.4211486954219312
CDN41,1,0.0947411831036461,0,0.0
CDN88,1,0.0001999023441159245,0,0.0
CDR52,1,0.0001183892776988587,0,0.0
CFF37,1,0.0001811527333521744,1,0.6880355407021579
CFF37-lampada,2,0.09687743461762549,0,0.0
CGD05,1,8.78411702594019e-05,0,0.0
CGF21,1,0.04889293743645146,0,0.0
CGH55,1,0.0006972193823154662,3,2.1852266569549106
CGN65,1,0.0004802099523490322,7,4.8971768190426825
CGN86,1,0.00011304753180028417,0,0.0
CGR95,2,0.0002647048067969612,3,0.8508989915982221
CGR96,4,0.0010578406508767073,4,0.8433512397688173
CGW47,1,0.7079804564678107,0,0.0
CHG19,1,0.00011323393268380816,1,0.526577207814871
CHN001,1,0.004526882988223338,0,0.0
CHP78,1,0.0006367989818207592,0,0.0
CHP85,1,6.279218577662442e-05,0,0.0
CKD34,2,0.001152240960640035,2,0.9853656098170152
CL121,1,0.02929407552119328,5,2.81040314896478
CL129,1,0.07388043118648246,4,2.629813812107996
CL141,1,0.07388043118648246,4,2.629813812107996
CL157,1,0.004594952087005122,3,2.628758194340271
CL159,1,0.0026696901542669167,1,1.0
CL160,1,0.002934825091459277,8,5.7671050119680185
CL161,1,0.0036878296484431877,3,2.9464874565094905
CL17223,2,0.9057056087364874,3,1.6125761956075213
CL18598,2,1.244265112213286,0,0.0
CL20018,1,0.00161979690015053,0,0.0
CL20020,1,0.12111263185266069,1,1.0
CL20025,1,0.0016384350632677345,1,0.3843104056982335
CL20027,1,0.002023045673404338,2,1.7089136924108228
CL20182,1,0.7387331083751681,1,1.0
CL3567,2,0.0037379051678883444,3,0.6020726832106696
CL3632,2,0.002715524004666754,3,0.9586566639618389
CL3634,1,0.0021342392272322296,2,0.802203227501832
CL3655,1,0.047630006346816745,2,1.239712722956641
CL3659,1,0.00271262660870188,2,1.293325064184705
CL37000.9,2,1.5261553026272732,0,0.0
CL40026,1,0.0023150428012840927,6,2.467009107871008
CL4027,2,0.0043029792948384975,0,0.0
CL4155,1,0.0019699943635783836,0,0.0
CL4804,1,0.457277000751416,0,0.0
CL5012,4,0.018910274375422156,3,0.2507889819337703
CL54310,1,0.003580900418204687,7,5.337937894488026
CL54358,1,0.0076369153318000356,3,2.1163653582015267
CL59233,3,1.3912975785108217,3,1.132347259509842
CL97,1,0.004372315015681456,1,1.0
CLMT39468,1,0.0004840436923836674,0,0.0
CLMT39586,1,0.6510813994889816,0,0.0
CLMT61883,7,0.01261799685542701,0,0.0
CMV97,1,0.03917750727444632,1,0.7035699230947976
COM90310,5,0.030944692492067105,8,3.5271822455458657
COM90311,1,0.004807007280221655,8,5.61135952195984
COM90312,2,0.010963635586484681,8,4.639768663162366
COM90313,4,0.025778047923984124,8,3.77723182147374
COPY3,1,0.7032894759972523,1,0.9463902433307143
CP-COW-2,1,0.0004940656338002249,3,0.8061503096691282
CPM-UNI-1,1,0.0006492298412988853,2,1.4877542310689031
CQ-888C-GN,1,0.0019735592219519453,0,0.0
CQ-888C-RE,1,0.0023590554187319533,1,0.36173727039098014
CR52775,1,0.0032948434207923246,0,0.0
CR70487,1,0.005969440436731384,5,4.59570240180505
CR70528,1,0.002503779326779717,0,0.0
CR70612,4,0.01007841607968751,0,0.0
CR70699,1,0.009936751570696883,0,0.0
CR71202,2,0.0055095012071575316,0,0.0
CR71518,2,0.006251583865636252,0,0.0
CR71567,1,0.6168034994166336,0,0.0
CR71659,3,0.3657398623350034,0,0.0
CR71677,1,0.005409518200325857,0,0.0
CR71760,2,0.007618178352275997,5,4.169735465908694
CR72022,2,0.009495125138291724,2,0.965125936263331
CR72185,1,0.004575203690165221,0,0.0
CR72191,2,0.10117246891709893,0,0.0
CR72298,2,0.011433591446037443,0,0.0
CR72307,3,0.013828935719499943,0,0.0
CR72326,3,0.031995558201036625,2,0.8502577987668853
CR72335,1,0.1427012538816565,0,0.0
CR72401,1,0.00015290724178377316,0,0.0
CR72419,1,0.00014661469309159254,0,0.0
CR72422,2,0.008788560241921607,5,4.8216819263755815
CR72461,2,0.008706603251551006,0,0.0
CR72559,2,0.011825026418762192,5,3.470947708568178
CR73408,2,0.011527073229782157,5,4.318918152821803
CR73471,1,0.008631555874295635,5,4.856363920697265
CR73486,1,0.012944197285617407,0,0.0
CR73628,2,0.005074023913502238,0,0.0
CR74054,1,0.4720305413159826,0,0.0
CR74088,2,0.7021702992298763,0,0.0
CR74109,1,0.0036153153263404902,0,0.0
CR80275,1,0.05503879061899323,0,0.0
CR80995,1,0.6264764926615308,0,0.0
CRD2529,6,0.002841046759366507,4,1.962681428440313
D30,2,0.0037792310484829656,0,0.0
D32,2,0.00948595630779332,4,2.0235119582774392
D35,2,0.009478897363751562,0,0.0
DA03,2,0.0026162850620109817,0,0.0
DA06,1,0.0018475909237191971,0,0.0
DA07,1,0.048205363271065366,3,1.989406950653136
DCH13,1,0.0001097888645285536,0,0.0
DCH55,8,0.0541358961787228,10,0.551449974829258
DES45225,1,0.004997667704028993,3,1.9256424516147288
DEX-BL001,2,0.0007124923893015661,5,1.1544818531977457
DFM55,5,0.0009138317632813828,2,0.45768921003317
DFP20,1,0.00044914419531566296,2,0.6113906915221526
DFP21,1,0.00019767068209269322,3,1.1570123752892516
DFR09,2,0.10535296169468827,9,3.927404892314429
DFX80,1,0.0006382507199370635,0,0.0
DGH84,2,0.0003853327673778291,2,0.9817985423842516
DGN08,1,0.0006293293053457831,3,2.11372559659611
DGW22,1,0.00011836710908550879,1,0.030514162002013765
DHC40,5,0.002283442487578692,4,1.1203541634768759
DHH61,2,0.0011593982580665352,2,0.6599666772195105
DHL81,1,0.00017311949565156334,3,1.2152503300249307
DHW14,1,0.000186217405557771,3,1.0346171043652987
DHW15,1,0.041884987855380466,2,1.5924878446855977
DJC20,1,0.8056937577484184,0,0.0
DJJ16,1,0.00014751746317786195,3,1.2052706125007908
DKB56,1,0.00019712133111502212,2,0.02757495424066985
DKB62,1,0.00010725846192153605,0,0.0
DKG36,1,0.5851268154130699,0,0.0
DKK07,2,0.00023501469986087766,2,0.4108347130878481
DKK08,13,0.3156035633254685,11,1.2892095241778492
DKN33,1,0.0002925571497485025,0,0.0
DLD80,4,0.0015815595535026434,2,0.27531442621026075
DLH55,1,0.0028906334166073173,0,0.0
DLK58,5,0.010581310370740074,18,4.2558530277762
DMJ39,2,0.0007313747747972356,0,0.0
DML69,4,0.0004705928603435991,0,0.0
DMM06,1,0.0006485534706180615,1,0.7303632180530487
DO300115,3,0.015218222370502653,2,0.6738193274891854
DO300117,1,0.0012138751666360451,1,0.17172046381346925
DO300118,2,0.014946021522662035,4,2.500725632651908
DO300151,1,0.00606113401831044,3,0.8878162119100758
DO300271,1,0.008824774653445151,1,1.0
DPK28,2,0.00029270449426727356,3,0.6662795412463612
DRC00,5,0.2668788594054351,10,2.178989954741734
DRD81,1,0.0019641337880419666,0,0.0
DRD82,1,0.002027928943376729,0,0.0
DRD88,2,0.24906337527317798,3,0.779252326981213
DRG13,2,0.0003001509137858126,3,0.831405222673574
DRG16,3,0.0004542487684669994,3,0.7848501803615823
DRH43,5,0.03589787312647704,4,0.7910372685877908
DRR57,2,0.007982161557295999,4,1.2694027128954735
DSC7-4988-AC,2,0.0010554047533204837,0,0.0
DT-4568-T,2,0.010370147450495582,2,1.3495292564068044
DT10757,13,0.17087912426646967,1,0.2155712230718556
DT114265,1,0.0020024462387040337,1,0.7052952408122807
DT122611000F,4,0.009195711291218257,5,1.2015915823088408
DT122806500,1,0.005225249463054629,0,0.0
DT12537,1,0.0837808506177849,1,1.0
DT13121,3,0.002039008249006854,2,0.5021179156009655
DT13288,1,0.0009369035544431598,2,2.0
DT13462,1,0.024401969950534598,0,0.0
DT14301,3,0.002728955053300546,2,0.9755084621378064
DT14304,1,0.0005062763065823441,4,1.5613038912599926
DT18-36906R,1,0.5862525775245908,0,0.0
DT2000384,1,0.001674484789016826,0,0.0
DT20070444,3,0.0012727543163240755,4,1.2224202246372213
DT20070519,2,0.0004656871507970166,0,0.0
DT22598752,1,0.12289189134755843,0,0.0
DT2286960-E,1,0.7815452365563741,0,0.0
DT2286960-R,1,0.7382859603273286,0,0.0
DT2286960-S,1,0.7603742629125657,0,0.0
DT2383170,1,0.30686085285784237,3,2.2438656191425617
DT2443,1,0.5740356972433746,1,1.0
DT253213008-C,2,1.250871821210365,0,0.0
DT256674,2,0.005582164657995467,2,0.22152893048375238
DT26795,1,0.18908338719209744,1,0.9757897789089207
DT30339N-D,1,0.009594490895443604,1,0.9167047033369748
DT30339N-M,2,0.011417289568478836,3,1.5454987508783486
DT30891,1,0.000826027111065874,0,0.0
DT30941,1,0.008858625464466497,0,0.0
DT311733,2,0.05895568613604783,0,0.0
DT311962,2,0.059497490272751086,0,0.0
DT31201,2,0.004069141921668466,4,2.4918959616932392
DT3188297,3,0.011800232899081723,0,0.0
DT3188299,6,0.059184044516499563,0,0.0
DT320100,3,0.0007433470158240257,4,1.0210047365831296
DT320307,7,0.0029235094700123102,15,3.7400414357780702
DT35223,1,0.0004837515341683223,1,0.45607254233055977
DT36658,1,0.0245417690701903,0,0.0
DT370012,2,0.013177976146587753,9,3.728125316428021
DT39029,1,0.4723445033248513,2,1.4168045511427887
DT39168,1,0.024487323186178925,0,0.0
DT39340,2,0.02425688738980533,0,0.0
DT40076,1,0.02933284206853336,1,1.0
DT42748,1,0.10095587083867072,0,0.0
DT4405-01,1,0.48772177457442173,0,0.0
DT45007405,6,0.10063020513654888,7,0.8374919453274785
DT450623,3,0.005248926321417352,1,0.505958068751064
DT46029,2,0.01690296944409839,2,1.182374619577344
DT48734-BG,1,0.3249155029638828,0,0.0
DT48734-BR,1,0.15400568007339466,2,0.5965200644121614
DT48849,1,0.00012426597956817335,1,0.2157107630611419
DT48994,4,0.004656046460610605,11,4.6693831872389
DT49014,2,0.00230207098293265,2,0.6201640079547222
DT49495-BN,1,0.5919368167826838,0,0.0
DT49495-BZ,1,0.7670089523948276,0,0.0
DT500085500,1,0.0011071868330843517,0,0.0
DT552215PE7C,1,0.00020059215150082597,0,0.0
DT569000,2,0.003743997886441768,4,1.5034552386795221
DT5708ES,4,0.018865086366421303,5,1.8723429765133144
DT5708ESP,4,0.017370779546114358,0,0.0
DT5875712,3,0.0034914219318731786,1,0.36282786525254257
DT6052294,1,0.17491590411296778,0,0.0
DT6063584,2,0.4121671991655048,2,0.9218581807162807
DT6063589,3,0.7840183785517814,2,0.7669442444293897
DT6063882,1,0.04987210642022028,0,0.0
DT6065146,1,0.45147343536140094,0,0.0
DT6066544,1,0.4272365610533205,0,0.0
DT6066582,2,1.2258253732260769,2,0.7895771243293761
DT6067884,3,1.6151979658778088,3,1.5287873686364022
DT613-5343,1,0.0023109793846171995,0,0.0
DT6156-FO,2,0.795696715042023,0,0.0
DT6315870350,3,1.9635587043446274,0,0.0
DT6315870404X06,2,1.4239725292490797,2,1.1728194314486673
DT6315871573,1,0.030718225205379108,0,0.0
DT6315872672,1,0.47391819800991153,4,3.5049850776328086
DT6315873650,2,0.004309551003081735,1,0.7118458368952322
DT6438,1,0.0018079032113146845,1,0.37500739471792943
DT6674,4,0.04759305067863835,9,2.270715359745244
DT70034,4,0.004311662695772836,6,1.0119555742018809
DT70440121,1,0.00021158194338658816,0,0.0
DT71330LD,1,0.74733351654925,2,1.093144394809663
DT74606326,1,0.001369350209738759,0,0.0
DT760018963,5,0.11654890167820314,3,0.8434997758074921
DT760019491,2,0.05699388079979728,4,1.8591247510736815
DT760020111,4,0.035559288199897766,0,0.0
DT760024174,4,3.513753218680087,0,0.0
DT7627DT,2,0.8139377041436855,3,1.6147568397952086
DT77046,2,0.0036877968936465458,5,2.360658829435796
DT77050,1,0.20714700060490515,1,0.8216260380745912
DT77805656,3,0.0056153964095606995,0,0.0
DT801,1,0.003363442791548595,0,0.0
DT81010,2,0.0010536715296832286,0,0.0
DT8180S,3,0.0013560535701767182,6,1.9575207876869058
DT83320,3,0.03361493921715978,2,0.44684376802281456
DT880430W,1,0.003294604030796051,0,0.0
DT885590OR,1,0.0032284620989900532,1,1.0
DT885650P,1,0.0032284620989900532,1,1.0
DT89374Y,2,0.06768016256194473,1,0.6578222278191919
DT936837,1,0.012772699595973538,5,3.0742973881262805
DT956958,1,0.012318803804361657,8,5.943213527842432
DT96011,2,0.004174201925311716,3,0.5944283557161733
DT96574,1,0.0013033750924714383,4,2.2399734386477537
DT99984,3,0.0011031833926880858,0,0.0
DTA32146,1,0.00419299771413266,1,1.0
DTAC7663,1,0.00048400095450725725,0,0.0
DTB4000M1,1,0.006439640972781184,0,0.0
DTB9508,6,0.0013273557591563557,0,0.0
DTBLZ-3117,2,0.0003996853337993008,3,2.1211478447555194
DTBMPF-2H,1,0.00028137172910107323,0,0.0
DTBMSTTE,2,0.0010950330870175577,4,2.8088763990039936
DTC20263,2,1.2716869989919752,1,0.7181033392022381
DTC20279,1,0.8977569669531283,0,0.0
DTC20341,1,0.12296963302145819,0,0.0
DTC23712,1,0.007413495196854159,0,0.0
DTC24750,1,0.00033489881182930406,2,1.6488722893018883
DTC27116,1,0.007470851047764341,2,1.242800490546039
DTC27153,1,0.12346986757290922,2,1.077476313502571
DTC27196,1,0.012110668928315107,0,0.0
DTC29749,1,0.006639542046693303,4,3.591722253973581
DTC76480250,2,0.8856279213369302,0,0.0
DTCOS-9058-2,2,1.7139045722670319,1,0.6920284033170858
DTD100-9400-1,1,0.07677864642583244,4,2.0369439459289236
DTD10648,1,0.005811302851812611,0,0.0
DTD10984,2,0.010317808019064323,14,8.390369503515387
DTDCL-9274-1,7,0.07976023569597612,6,1.5120411246352987
DTDCL-9274-2,1,0.11803533129005578,1,0.7918601845088244
DTDCL-9274-3,1,0.031523476848284854,0,0.0
DTDCL-9274-5,3,0.08042149401920368,0,0.0
DTDCL-9350-2,2,0.048691381837924826,1,0.6437603074425688
DTDCL-9350-3,2,0.06756846034004188,0,0.0
DTDCL-9350-5,1,0.055019903589007414,0,0.0
DTDCL-9350-6,1,0.6694119898708294,0,0.0
DTDCL-9350-9,2,1.5230211542480006,1,0.5190400463783956
DTDCS-4111,2,0.3182237762202892,4,2.319686411920675
DTDEC164487,1,0.0003944708847210384,3,0.3064338439236507
DTDEC164494,2,0.0020855328557509317,3,1.537259287121191
DTDEC164500,3,0.0012032952872255028,4,1.8085620069253028
DTDEC167907,1,0.007323589979655948,1,1.0
DTDEC167914,1,0.018104597790030878,1,0.7187015118154674
DTDEP05-02,2,0.002207891400572143,3,1.6627387693523699
DTDES17575,2,0.0011155623983448997,5,0.6761255814312475
DTDES18500,3,0.0016846525636845075,6,1.8504580203597496
DTDETPF28030,4,0.001940821163864606,12,3.908804172047681
DTDFR2-4292-2,1,0.0008987306196699545,0,0.0
DTDMX-9274-2,3,2.0791671534887075,2,0.8544209203106874
DTDMX-9274-3,2,1.4176647131061229,0,0.0
DTDMZ0182,1,0.0014262618713018586,0,0.0
DTDSP-733-AC,1,0.03750994583331485,2,1.0442915176450558
DTDTS-3117,7,0.0029244622041043333,2,0.24424857504182346
DTDUR-3320,1,0.00236007339822799,0,0.0
DTDUR-3321,1,0.000636158784228532,5,2.6185446456750046
DTDWR74,1,0.0005897527921789167,0,0.0
DTDYK84,4,0.010793834644608355,15,3.206262124516692
DTEU677144,1,0.009828202120148193,1,0.43283487508795593
DTF2253,3,0.08691632730218131,1,0.1343697225515477
DTF2463,1,0.863110692395783,0,0.0
DTF2491,2,0.8903527654125984,1,0.1343697225515477
DTF5025,1,0.7021815963818742,0,0.0
DTF5025-lampada,1,0.7466561545433643,0,0.0
DTF6277,2,0.3747949740290087,0,0.0
DTF666,3,0.0018610805152166814,5,1.3907655212200993
DTF666-B,1,0.000919024531929737,0,0.0
DTFC181114,1,0.23782243973440523,2,2.0
DTFNT0072,1,0.0026031946104740607,0,0.0
DTFP27853-1,1,0.0011651488217868167,0,0.0
DTFP27853-2,3,0.13766745718812892,2,0.24382814075678014
DTFSW51892,1,0.011828504363602423,0,0.0
DTFUN-SD-24PDQ,5,1.6831917095247273,9,0.3471719612697081
DTFZ0771GC,1,0.010841902464516754,2,0.28649792010449193
DTG29270,1,0.12289808900483809,5,4.312175814431994
DTGRS13170,1,0.006184124170585889,0,0.0
DTGYT41,2,0.2435659974384083,1,0.03424343729590129
DTH49,1,0.0005831330687182312,3,2.207383603076754
DTHP40191,3,0.013623024966141949,3,0.9920993533460625
DTHP40192,1,0.03105343034349664,2,1.4474595180849956
DTHTK69-lampada,4,2.7949293453684274,3,1.2650418678154838
DTHVX53,1,0.5331181440174155,0,0.0
DTHXD27,1,0.7556401954373244,1,0.4947747076238941
DTJH20140,2,0.017313532793915863,2,0.5003281101816993
DTJH20257,17,2.5238453716726355,0,0.0
DTJH22196,4,0.4049699760177957,0,0.0
DTJH24060,1,0.00944808492534078,1,0.5170383455287206
DTJH24088,6,0.05150966495724537,1,0.033938005529308285
DTJH24487,1,0.5025786928177719,0,0.0
DTJH24518,2,0.8759401085142382,0,0.0
DTJH25042,3,0.06616230914120973,0,0.0
DTJH25043,1,0.0019572113212077275,3,3.0
DTJH26093,13,2.149096007451045,1,0.0005350327641891446
DTJH26108,7,0.8525541327219746,0,0.0
DTJH26945,3,0.0027256291906000664,10,2.254789049236214
DTJH26954,5,0.0024783595111356298,8,2.464186072669564
DTJH27596,24,2.2440850024944945,19,0.4197121566980068
DTJH27632,10,0.06211988246744097,1,0.15243286764861305
DTJH27632-1,1,0.12289808900483809,5,4.312175814431994
DTJH27632-2,1,0.12289808900483809,5,4.312175814431994
DTJH27632-3,2,0.15232664284746208,6,4.312994734124814
DTJH27632-5,2,0.04687175598610036,3,1.3008100702506378
DTJH27632-6,2,0.7172085178541225,5,2.0276289475274036
DTJH29453,1,0.026445566835409814,1,0.037189794893186676
DTJT8150,1,0.0010992167134964306,3,1.51920371075172
DTJT8597,2,0.008130638687134584,4,1.186752794797895
DTJT9054-9203-p,1,0.0009436213808762482,2,1.7071132110960812
DTJT9054-9203-s,1,0.0009436213808762482,2,1.7071132110960812
DTJT9054-9203-sq,2,0.0018872084398225313,5,2.3907294981576532
DTJT9144,1,0.000864344895452393,0,0.0
DTJT9202,1,0.001972131586830301,3,2.244422974101054
DTJT9237,1,0.0011999375761031074,1,0.6989409227468313
DTJT9267,1,0.001972131586830301,3,2.244422974101054
DTJT9304,2,0.002456279114496876,1,0.6989409227468313
DTMBCUK19,1,0.000475425036870966,11,6.84188559950267
DTMBCUK6,2,0.0011620091451804589,11,4.60685053033505
DTMNVA1510,5,0.004693005267683374,1,0.2048970348413461
DTN48183,1,0.3060337524479406,0,0.0
DTNH022801,1,0.23782243973440523,2,2.0
DTNH846185,1,0.23782243973440523,2,2.0
DTP501424,1,0.1056577523490756,0,0.0
DTP508782,1,0.1153769766426823,0,0.0
DTPEP-3411-FO,2,0.030704025287324542,1,0.41212907796341175
DTPG0187713,4,0.809832451199594,2,0.635554640225346
DTPJ18281,3,1.9586569379562104,0,0.0
DTPMI3647,3,0.07337396487416964,2,0.7115200406234891
DTPOP11095,2,0.0003305127467497726,0,0.0
DTPOP41051,1,0.0024466185074448824,0,0.0
DTPOP62422,1,0.12386755857878883,0,0.0
DTPWP9,1,0.0003403710215828816,0,0.0
DTPWPV2-9370-3,3,1.6335410063171123,0,0.0
DTRBK-SF-1010,1,0.01062877074648057,0,0.0
DTRY411,1,0.00013241880925046382,0,0.0
DTSAM-3540-DT- FO,1,0.002097010334838165,1,0.7178750619975627
DTSES14462,1,0.277439664261955,0,0.0
DTSES14463,1,0.026338360917029586,0,0.0
DTSES18014,1,0.10464489098182199,0,0.0
DTSLR902-4,3,2.341027008005352,0,0.0
DTSLR902-5,1,0.6007499865714412,0,0.0
DTSQCR02413,1,0.9373742617581411,0,0.0
DTSQCR04087,1,0.6466291301563823,0,0.0
DTSTBU00572,2,0.6846112133950156,1,0.16930567933811036
DTSZ41001,3,1.0567631027653372,4,0.5263115735920924
DTSZ42201,3,0.20523481149690193,4,1.1119079924010615
DTT67001,1,0.009069531109700112,5,4.005199087095081
DTT67005,1,0.005454412798111878,7,6.218271175858709
DTT67006,1,0.005454412798111878,7,6.218271175858709
DTTO0970,1,0.029211517756271392,0,0.0
DTTT02055Z,2,0.33448547458392774,1,0.29697407696951206
DTTT13963Z,7,1.195594201004041,5,0.9923176005128853
DTTT14149A,2,0.0012656897779654381,0,0.0
DTTT18102A,16,6.546589733414559,3,1.113264083270433
DTTT18154Z,2,0.004027810393270986,13,4.645468703484754
DTTT18424A,3,0.06842501199708856,8,4.3396638950501965
DTTT21526A,3,0.5223221516129479,4,0.6705962815512543
DTTT21527A,1,0.0019120733226262753,0,0.0
DTTT21528A,2,0.14797680650171285,0,0.0
DTTT29654B,2,1.0334032141912664,0,0.0
DTTT30135Z,1,0.03138018913285372,0,0.0
DTTT30745Z,1,0.1867357201143061,0,0.0
DTTT32120A,2,0.18042170704086505,1,0.010032520342369565
DTTT32526A,3,0.000561720755241581,1,0.30756841901996773
DTTT32587A,3,0.05260791899904911,0,0.0
DTTT32587B,3,0.002255813608802889,0,0.0
DTTT35298A,2,0.0038193414052286887,2,1.329696742008177
DTTT35542A,1,0.0019849302856630308,3,2.2860910803509524
DTTT35592A,4,0.0027957760560573947,7,2.966179180440995
DTTT35593B,1,0.008088380999864692,2,1.6194983963098781
DTTT35622B,1,0.05932147962158661,0,0.0
DTTT35731Z,4,0.05246015711013837,1,0.43283487508795593
DTTT35849Z,1,0.0031602162057208843,2,1.1903721879224023
DTTT37855A,1,0.4285631550184146,0,0.0
DTTT45090Z,5,1.1795358386606634,1,0.15338367348249232
DTTT53145A,2,0.00322771813384383,4,1.2593338767461337
DTTT62008A,2,0.4877833149336781,0,0.0
DTTT62553A,3,0.17101424136388282,0,0.0
DTTT65188Z,3,0.01354045438961803,0,0.0
DTTT65196Z,1,0.9473853192041088,0,0.0
DTTT65258A,1,0.5988014809309519,0,0.0
DTTY32127,2,0.0010852662728616685,2,1.0528671270544945
DTTY32128,3,0.0017231358741585504,13,4.7745772225510805
DTTY34104,2,0.0005420496367646545,0,0.0
DTTY35110,2,0.0004970032800008944,4,1.4847957240953238
DTTY35111,1,0.000281245397268625,1,0.7522515381223838
DTTY36123,1,0.00024557749545304764,0,0.0
DTTY36208,1,0.00019106225170096,0,0.0
DTTY36283,1,0.00018768664370317844,1,1.0
DTTY36423,1,0.0001229313558481821,0,0.0
DTTY36740,1,8.779805901690133e-05,0,0.0
DTTY36854,1,0.00012062557768308552,2,1.495191434438669
DTTY36873,2,0.000327380105417109,3,1.8145455120829377
DTTY37192,1,0.00011976929851045435,3,2.604848504027646
DTTY37198,2,0.0004734560339698193,3,0.7396132562859696
DTTY37236,1,0.00012062557768308552,2,1.495191434438669
DTTY37241,3,0.5088922432592887,5,0.2941740647370036
DTTY41109,1,0.00011976929851045435,3,2.604848504027646
DTTY41110,3,0.0004919185030694674,5,2.1806687663426474
DTTY41203,2,0.0003080453663042297,0,0.0
DTTY41206,3,0.001549754119095248,1,0.03376027266560137
DTTY42089,1,0.0001502736665423051,0,0.0
DTTY42250,1,0.00024521783976100584,0,0.0
DTTY42269,2,0.00044419843626097903,0,0.0
DTTY42302,3,0.0018349205489728688,0,0.0
DTTY42305,1,0.00031614781042268075,0,0.0
DTTY42331,4,0.0012458148969294821,6,1.4022940410067875
DTTY42332,1,0.00030002075438547083,1,0.6214461816042648
DTTY50071,2,0.0002750641082673039,0,0.0
DTTY65015,3,0.0007092092031423299,3,1.0453572233329054
DTTY65021,1,0.0004495645323650561,0,0.0
DTTY82001,1,0.0006271673369874279,0,0.0
DTTY82007,1,0.00042369038059287346,0,0.0
DTTY95001,7,0.0016947925797015603,2,0.5140816698280848
DTTY95004,1,0.0007994328524028706,1,0.7193805151377559
DTTY95005,3,0.0006548472779978616,3,1.1812706466746474
DTTY95007,4,0.0011351638790101058,2,0.5116299681794346
DTTY95008,3,0.0013906855190526277,4,1.3597922627797003
DTTY95012,1,0.011386106589971683,0,0.0
DTTY95013,1,0.000303493895131901,0,0.0
DTTY95200,1,0.00019603858089148863,1,0.5471428921003709
DTTY95205,1,0.0007695874633374972,3,2.543389016846295
DTTY95206,1,0.0009228529118297697,1,0.7711005533480084
DTTY95212,2,0.0015520669723134547,1,0.7711005533480084
DTTY96316,1,0.00018339359887097276,0,0.0
DTTY96317,1,0.00011976929851045435,3,2.604848504027646
DTWHA269,3,0.11364221060597712,1,0.10965788324014954
DTWHA339,6,1.3821604613121008,2,0.39757703087357366
DTWTP-9274-3,2,0.23625670229520737,0,0.0
DTWTP-9350-1,3,0.6258546349959226,4,3.1629671374734727
DTXOXO1-2210,2,0.0030264996178130266,1,0.799915302899361
DVF57,2,0.0003033232401623382,1,0.01906670787594012
DVF68,1,6.237360984695178e-05,1,1.0
DVG10,2,0.0001371204390773177,1,0.26714939381692676
DVH73,1,0.0019190112244213836,0,0.0
DVP39,2,0.00038266888104104043,1,0.6880355407021579
DVT46,1,0.00018538153775260848,0,0.0
DVV48,2,0.0004029578358254541,0,0.0
DVX58,2,0.00037107057192322903,0,0.0
DWC84,1,0.5282702653779209,1,1.0
DWJ68,1,0.00018452016576547974,0,0.0
DWJ99,1,0.0001257826747889322,3,2.137511272111095
DWK44,1,0.0005950814925301376,2,1.8697037434086088
DWP73,1,0.5282702653779209,1,1.0
DXC93,4,0.0004573623196883473,2,0.7086950145767588
DXF79,2,0.0012686285994684431,3,1.6969972729398455
DXF81,2,0.0012682719786738183,3,1.6971660933795862
DXF82,2,0.001266260561755096,3,1.6981192434505017
DXF83,1,0.0008726456706339933,0,0.0
DXF84,1,0.000629621672471271,0,0.0
DXF91,1,0.00013979324180885206,0,0.0
DXF92,1,0.00012543186958874664,2,1.421020133189699
DXG37,1,0.00012495857121010034,0,0.0
DXG38,1,0.00012642231518178172,0,0.0
DXJ34,1,0.00012336396816431947,2,1.417535188046653
DXJ35,1,0.00018249949788019224,4,2.0457591213345117
DXL63,5,0.0007076233691270183,4,1.6771106424727038
DXV29,1,0.00015398893053557357,0,0.0
DXV90,2,0.00046797423352633923,0,0.0
DXV94,2,0.0007516826879589195,2,1.4597685113248118
DXV99,1,0.0004605510148634018,0,0.0
DYC85,2,0.00036302707133524775,1,0.1914558001981608
DYF92,2,0.00020738528266587897,6,2.3887059870805056
DYF94,1,0.0005831330687182312,3,2.207383603076754
DYM89,1,0.00018377302365913024,2,0.5581219342383703
DYT91,1,0.12289190214459896,0,0.0
DYW48,3,0.0018049261224398977,1,0.19751149705950666
DYW53,2,0.001683985852987058,2,0.7678107398824968
DYW54,2,0.00027508404308150325,5,1.9272696968088707
DYW60,3,0.0007657090606469612,5,1.1673111858914436
DYY41,2,0.00036840632340490236,9,5.995857727931445
E2240,1,0.08410534616803211,2,1.6981400846964387
E2279,2,0.00025334667831593835,0,0.0
E2280,1,0.00018457265821815623,1,1.0
E2281,1,0.00018684943409603635,0,0.0
E3304,1,0.000182621870653161,1,0.33785113499869396
E3639,1,0.000696456637910902,0,0.0
E3643,1,0.0007731242279232996,1,1.0
E3919,2,0.001051549987113006,1,0.3918448564771714
E4117,1,0.0002597187355908359,0,0.0
E4511,11,0.015477982637563763,5,2.11443346264308
E4512,8,0.011211193732316702,3,1.5534513528622866
E4513,8,0.013678736316488041,5,2.451261594457435
E4514,6,0.009028027648321137,3,1.4065883493114644
E4793,1,0.0007731242279232996,1,1.0
E5062,1,0.04798459870399699,1,1.0
E5581,2,0.0015078592306059608,0,0.0
E5766,4,0.0015999338339370637,4,1.2964941477265328
E5875,4,0.0022322686513018266,1,0.26000539179073817
E6207,2,0.014529314066502564,5,3.0188712351838176
E6208,1,0.007300498467141764,1,0.708848951416316
E6358,1,0.0007410953479383991,0,0.0
E6504,2,0.0007937999867083281,0,0.0
E7001,2,0.0003722642408775626,0,0.0
E7710,1,0.0006220586756482471,0,0.0
E7715,2,0.0009453564293578087,0,0.0
E7716,1,0.00044843889235322886,0,0.0
E7717,2,0.0009841901752907093,0,0.0
E8410,1,0.0012401819157552088,0,0.0
E9864,1,0.02277645110321953,3,2.2468673204461864
EF5111-01,3,2.4738516512271236,1,0.33894827644909387
EF5160-12,1,0.5300779499863332,4,3.513991919024344
EGB56703,4,0.11012962783978465,25,4.446612522767947
EK-041T BLACK,1,0.41118210761598584,4,3.2609699451776084
EK-770 BLACK,1,0.9332469693712458,0,0.0
EK1071,1,0.0006919794890675379,8,4.786190045758705
EK1091,2,0.000993542492398014,16,7.00805459236742
EK1092,1,0.00030156300333047606,8,4.770574806879622
EK1093,1,0.06525965444841786,0,0.0
EK232-02,2,0.07975131270158511,5,2.3196020338703507
EK234-02,1,0.00012351234990279851,4,2.054442054953281
EK7070,1,0.006186327202435391,11,5.260903846289282
EK7501,4,0.9837071226444964,6,0.012177128675321426
EN013585,4,1.580578366880693,0,0.0
EN017326,4,0.010525647447702962,7,1.4433606276970208
EN024894,1,0.0004766897755475639,1,0.04405786368973414
EN025293,2,0.00022733559677661289,0,0.0
EN027512,1,0.026472921073997194,0,0.0
EN028637,2,0.0002903443390010687,0,0.0
EN030631,1,4.777708394986642e-05,3,2.4799774710708262
EN031200,2,0.0003651963723204502,0,0.0
EN033371,1,0.008786625184451549,0,0.0
EN034915,1,0.003889923913975573,3,2.013158039499813
EN035018,2,0.0005884216577491047,8,5.897932241237387
EN037532,2,0.2564900967178051,1,0.6963423958161482
EN040148,1,0.0004800749623570373,4,1.6055515910220508
EN040257,1,0.011972390143797548,0,0.0
EN043476,2,0.02886215737869749,0,0.0
EN043477,1,0.031518540439358145,0,0.0
EN048239,1,0.010093884239355309,0,0.0
EN05-26869,1,0.12923682172244996,2,1.4033004984875403
EN051449,1,0.0030250936651233934,1,0.012578149611658991
EN052253,1,0.004378572761430457,0,0.0
EN052704,1,0.0006015132597809248,6,5.74763440952418
EN053934,4,0.04149877332033404,5,1.657895040362791
EN055235,4,0.0040283038103563,5,1.816713648391287
EN058478,3,0.0036038016616422894,7,3.1165910480219647
EN060176,1,0.0004949137865396037,3,1.9909533078426342
EN060178,1,0.0004913440758216586,1,0.5113894104577444
EN060183,1,0.000465176769351523,2,1.124603815657284
EN060185,3,0.0014230436986555938,4,1.7314358326198176
EN060188,1,0.0004509735507236925,16,12.044050801349089
EN060189,1,0.000431373239409098,3,0.8245210512514982
EN062066,3,0.0014519121911315313,2,0.8383702289472819
EN062067,3,0.003511032371014246,2,1.3020572546170166
EN062070,5,0.0025801487670302067,0,0.0
EN062071,4,0.008526166964212203,32,13.904236185748568
EN063206,1,0.02677229247637934,0,0.0
EN063530,2,0.0879297250784704,0,0.0
EN065856,1,0.007615541868675732,1,0.6736828279836075
EN066554,2,0.0023038295208637296,2,0.66953579806562
EN067439,2,0.08523355037548797,7,2.0696087802913894
EN067652,1,0.0007778829454685858,0,0.0
EN068177,2,0.0015423561354355874,3,1.022004209458653
EN068345,1,0.006499613062786503,1,1.0
EN068348,1,0.006499613062786503,1,1.0
EN069731,1,0.1703369383522744,2,2.0
EN069741,1,0.07177372724272127,0,0.0
EN070249,2,0.23472521870912771,0,0.0
EN070274,1,0.003889923913975573,3,2.013158039499813
EN070480,1,0.008317272395186185,0,0.0
EN070853,1,0.01031272973554117,0,0.0
EN070857,4,0.12060490845359971,1,0.232655619284717
EN071871,1,0.024887953921391773,0,0.0
EN072189,3,0.361162483102752,0,0.0
EN073036,1,0.003892386740046222,3,2.0134787189349623
EN073228,3,0.4238803029361877,4,1.7985211585191432
EN073325,2,0.003920995738521826,9,4.625631045642043
EN073332,2,1.1162425254814052,13,3.060686522360493
EN073336,3,0.03221240624495893,1,0.49736846138184626
EN073823,2,0.5605377104331182,5,0.49996033222100217
EN073824,2,0.007782310654021796,5,3.261475702168971
EN073830,1,0.003892386740046222,3,2.0134787189349623
EN074320,1,0.13068144062598705,0,0.0
EN074702,1,0.0136047811626438,0,0.0
EN074866,1,0.008277680118057676,0,0.0
EN074976,1,0.03118741996506659,0,0.0
EN076234,1,0.005228679457970982,1,1.0
EN076237,1,0.003679637211246918,2,1.1119385163003237
EN076239,1,0.5967356570982423,2,1.3986712727212307
EN076242,1,0.011038298067615745,0,0.0
EN078012,1,0.025487454814297497,0,0.0
EN079054,1,0.010927550162014257,0,0.0
EN079106,1,0.557724786764579,0,0.0
EN079161,1,0.26575856161476014,0,0.0
EN079227,1,0.15809056432848292,0,0.0
EN080224,3,1.4475112088760436,0,0.0
EN080824,1,0.015802204842115485,0,0.0
EN081787,1,0.018515746251163322,0,0.0
EN081790,6,0.5793313121307024,1,0.22924815829221062
EN081819,5,0.42448996990718446,2,0.6911511389774246
EN083874,2,0.1591290202101479,1,0.4765672800595714
EN086242,2,0.08697986732413701,1,0.15338367348249232
EN086245,2,1.5643793972159616,9,5.445627145599118
EN086769,1,0.030545476745316838,0,0.0
EN086783,1,0.0119269102346566,0,0.0
EN086784,1,0.011832817950914263,0,0.0
EN087229,1,0.017690264442950743,1,0.030416868877890847
EN087606,1,0.4650306210403412,0,0.0
EN088757,1,0.023398899367461867,0,0.0
EN088783,1,0.1220590515389775,0,0.0
EN088995,2,0.03964918902298781,0,0.0
EN088996,2,0.04407317901435365,3,0.7824544597344796
EN088997,4,0.07475085608745077,4,1.040651037267279
EN090977,2,0.03680288338880286,1,0.3499910537058851
EN092132,4,0.18225840771390855,0,0.0
EN092822,1,0.681731396407724,0,0.0
EN092826,7,1.7345477080422644,1,0.10555378701769084
EN093012,6,0.2872900388618669,3,0.4265661727202148
EN093013,6,0.285635428765151,4,0.48141570675373
EN093862,1,0.059855245356950526,0,0.0
EN094701,1,0.03219714119258402,0,0.0
EN097060-b,2,0.6160450166971486,0,0.0
EN097061,2,0.12153213084396003,1,0.5348978547671224
EN097062,7,0.42476566108687375,4,1.508098676015805
EN101628,1,0.12209586140469955,7,5.192255792393703
EN102127,2,0.9888359819684138,0,0.0
EN102477,1,0.9623621105189031,0,0.0
EN102477-lampada,2,1.4328830281511715,0,0.0
EN102487,6,2.1240151817545074,0,0.0
EN102493,3,1.1193569850639082,0,0.0
EN102498-lampada,1,0.7080607946137472,0,0.0
EN102507,2,0.23985376200100578,0,0.0
EN102519,1,0.7952379863857894,0,0.0
EN107158-lampada,2,1.4724356465108934,0,0.0
EN107162,2,1.6951046207306666,0,0.0
EN107163,2,1.5734567384003681,1,0.4821718306939148
EN107191-lampada,2,1.5046280170350417,0,0.0
EN109272,2,0.9544954268434728,0,0.0
EN109286,8,7.222995874614757,1,0.373435219058878
EN110546,2,0.9450484678007618,0,0.0
EN112023,1,0.7250043472648459,0,0.0
EN112023-lampada,1,0.7238475062119328,1,1.0
EN112027,3,1.535752285267943,0,0.0
EN112044,2,1.394132758495851,0,0.0
EN112060,2,0.9744949203500115,2,1.414212475039922
EN112061,2,1.0022635082338458,0,0.0
EN113451,2,1.7464627148973586,0,0.0
EN116413,2,1.524064151139696,1,0.3342965506471451
EN116415,2,1.90112230549953,0,0.0
EN116434,4,3.373303138185351,2,0.707731769706023
EN117885-lampada,3,2.1210659658362747,0,0.0
EN20317,2,0.04002071873347793,1,0.4765672800595714
EN30266,1,0.00022050226507284572,0,0.0
EN30284,1,0.00018493607171317437,3,1.1040749715667597
EN30761,1,0.00017997635504413752,4,2.834177054504303
EN39919,1,0.003058495080322306,0,0.0
EN47912,1,0.0003823086604934764,0,0.0
EN49275,1,0.0004823911936747823,3,1.1253909248901626
EN49278,3,0.003635150860132971,11,4.7073404267014745
EN49284,3,0.0011598376398612139,8,3.6687094399696476
EN49287,1,0.0004802099523490322,7,4.8971768190426825
EN49289,2,0.000658438490349444,3,2.5541016539132784
EN49293,4,0.0013837780993973773,4,2.0216422552090703
EN49295,2,0.0006311771655141057,5,2.7693405155649407
EN49298,1,0.0004509735507236925,16,12.044050801349089
EN49303,1,0.00019941172685433744,3,1.3113562899970095
EN49304,1,0.0005064397541023264,1,0.5188897946184838
EN50285,1,0.00016357861591832518,0,0.0
EN50515,4,0.0033735067859183066,1,0.158338435478468
EN51847,1,0.03349949663902523,5,4.4058167761095275
EN52460,1,0.00044688493810783185,2,1.4184604992940608
EN52461,2,0.0009342120086994298,3,1.711063575064646
EN52462,3,0.0005516551362777764,4,1.2574335780434747
EN52465,2,0.0003912262299193268,0,0.0
EN52467,5,0.0011806608450640025,4,0.8364559802664888
EN52469,4,0.0011565834061864006,0,0.0
EN52472,2,0.0004310549811727978,0,0.0
EN52477,1,0.0004588039434189193,2,0.18080142934051807
EN52485,1,0.0004621497900502788,1,0.7026772677762632
EN52780,2,0.0011741005588678526,0,0.0
EN52932,2,0.000633002685800682,2,1.12162705522102
EN52934,2,0.0007954175180349705,5,3.1483165486908105
EN52935,1,0.000451013134489114,1,0.8440959538134059
EN52940,2,0.0009174866827780267,4,2.229923515271808
EN52948,4,0.0021690173510105363,10,2.720317006222434
EN52952,1,0.0004974058273550317,2,2.0
EN54212,2,0.06268901073595283,0,0.0
EN55238,1,0.016647296690375863,0,0.0
EN55244,2,0.0010937078690015259,3,1.052856165548098
EN55245,1,0.0004427324234027108,1,0.4078195326507726
EN55247,6,0.0030786522530504993,3,0.7211688544834299
EN55248,4,0.002661983035010437,6,1.4337268995548298
EN57608,2,0.000932921003946878,2,0.715551647371802
EN57609,2,0.00095835248584749,1,0.026096664983329167
EN57610,1,0.0003975388463919204,0,0.0
EN57611,2,0.0009524240330454426,2,0.7133753070183931
EN57976,1,0.0005721453626970038,0,0.0
EN58453,2,0.012382447621172415,2,0.49649843578654734
EN58459,1,0.0019215305888327556,3,1.1496370822503739
EN58474,1,0.0006488122142937828,0,0.0
EN61437,1,0.00045912611012888574,0,0.0
EN61438,1,0.0006240536089291247,0,0.0
EN65850,2,0.003616930779182182,3,1.9215102074356663
EN65854,1,0.00793158608620728,1,0.7758105168449193
EN65855,1,0.0020353169076113157,1,0.33136379612974964
EN65858,2,0.0055204006483315655,1,0.43342351978018634
EN65867,2,0.003755877907772671,1,0.7107502694323843
EN66622,1,0.0011897076899341275,0,0.0
EN68363,1,0.008503494736776357,0,0.0
EN69428,1,0.0077411480267918185,1,0.24676573506696867
EN69493,1,0.001885484426120091,2,1.5609959736965
EN69494,1,0.001936549639922889,1,0.799915302899361
EN69495,1,0.007323589979655948,1,1.0
EN69496,2,0.0037946494868083035,2,1.2898843011521404
EN69734,1,0.0019849302856630308,3,2.2860910803509524
EN69740,3,0.011622877781307016,6,3.305049020628417
EN69743,2,0.004631385392319058,7,1.9404317367153845
EN69751,1,0.005211915536069471,1,0.2877098111405925
EN70550,1,0.0018973416144558084,1,0.7107502694323843
EN70551,1,0.00213518580037683,7,4.632431747330252
EN70557,1,0.005393403519383638,0,0.0
EN70558,1,0.002004127701002054,0,0.0
EN72100,1,0.012243375996995789,0,0.0
EN72102,1,0.0018508241121285903,3,1.346324832810373
EN72108,1,0.008126243195524756,4,3.05161420200007
EN72109,1,0.0023330187309865023,0,0.0
EN72139,1,0.002007763587192796,0,0.0
EN72140,1,0.001949839525061143,0,0.0
EN72147,2,0.008946860671008229,17,11.445525098890538
EN73337,2,0.015196920727166094,0,0.0
EN74115,1,0.4841672479499186,0,0.0
EN78002,1,0.05021112811953357,0,0.0
EN79160,1,0.018358409190797557,0,0.0
EN81785,2,0.038743038871364766,0,0.0
EN81828,2,0.9632354271663677,0,0.0
EN81834,1,0.007478546402301988,1,0.0949859480689213
EN81838,1,0.050763667380384445,0,0.0
EN88751,4,0.5569716470302458,0,0.0
EN91047,1,0.11921598679646775,0,0.0
EN91303,1,0.09210977387368784,0,0.0
EN92099,2,0.2462876438050885,3,1.8123819226137252
EN92131,5,0.33682245069492955,2,0.33585912134183793
EN92142,1,0.43587357461787696,0,0.0
EN92143,1,0.033925412150083094,2,2.0
EN92145,2,0.97809391976877,2,0.4508656702097388
EN92151,2,0.06110108628899211,0,0.0
EN92157,1,0.151075740352956,0,0.0
EN92163,2,0.17153591613128683,0,0.0
ENE1405A,1,0.013776914690968303,4,3.778953605721034
ENE1406A,1,0.013776914690968303,4,3.778953605721034
ENE1454A,1,0.9873291567036863,2,2.0
EPF507-BK,3,0.0017370994209424326,9,3.019754490165132
EPF507-BU,1,0.004717824617360757,5,2.870888974847177
EPF507-GN,1,0.0005944882491878855,4,1.014080591647628
EPF507-MV,2,0.012976096571988565,7,3.0249425482230525
EPF507-OR,1,0.0006899453034866528,4,2.3977784248058738
EPF507-PB,6,0.13606345886452023,14,2.005229365988015
EPF507-PG,1,0.6772217759553824,0,0.0
EPF507-PI,2,0.03859771898521272,6,1.8999099142773226
EPF507-RE,2,0.005312312866548642,8,3.3216358880475823
EQ3-BK,1,0.956346525953895,1,0.8239720128791493
F1115,18,4.318541622030164,0,0.0
F1342,4,0.489355545822034,0,0.0
F1996,1,0.007504041594214355,2,0.1841073006496643
F2104,2,0.9165308792318069,0,0.0
F2129,1,0.0313453999058032,1,1.0
F2130,1,0.07091106626279123,2,0.8508548229872117
F2131,1,0.0313453999058032,1,1.0
F2155-lampada,1,0.7430440111809846,1,0.7004380492956495
F2190,3,0.6519291280916026,2,0.8920808300602636
F2522,1,0.1356624531471129,6,5.43838029000777
F3245,1,0.008055826320114898,0,0.0
F3986,2,0.19092003672797941,0,0.0
F3987,1,0.0075106806163424255,1,1.0
F3988,1,0.0075106806163424255,1,1.0
F4096,5,2.4718201864294764,0,0.0
F4562,5,0.11342549444548888,2,0.6591651064334876
F4563,4,0.043315342605007204,1,0.3326653455788332
F4564,1,0.01209139520251617,1,0.3264997608546543
F5342,1,0.12106733746830885,0,0.0
F53586-C,1,0.6173314928184146,0,0.0
F6164-lampada,1,0.738437596324103,1,1.0
F8132,1,0.030012690799375616,0,0.0
F9510,1,0.14091186347004744,1,0.46491502975309434
FBH22,2,0.0005443235408647623,3,2.1135109500066216
FBM80,1,0.004542157001960931,3,2.3690298801038416
FBP42,4,0.08457144734717827,11,2.330753941667574
FBP60,5,0.0014640456682711836,11,2.640278705570585
FCL71,1,0.00046457796710255226,0,0.0
FCV70,1,0.0005640069438149441,0,0.0
FCW00,1,0.0001813191290329148,0,0.0
FDD43,3,0.0005775280064336102,1,0.5727443912674803
FDF28,2,0.0008890679761195979,3,1.133888172573768
FDR57,1,6.237360984695178e-05,1,1.0
FDX75,4,2.0842505061755277,2,0.9238992635774222
FFB65,1,0.0019129456468522084,3,2.468957026196251
FFC84,6,0.013375521280585603,8,1.5891554047590117
FFJ31,1,0.0009052031284124175,0,0.0
FFM04,2,0.0006649611162254305,2,0.8269538552465068
FFR35,2,0.00023659230954023084,2,1.4365532825739598
FFX05,1,0.00027016159526615076,3,2.7045036500022075
FFY05,8,0.457598081544766,23,2.6695577387333085
FGG89,1,0.00012147284438510522,1,0.021334502208502568
FGG90,2,0.0021112899935274107,1,0.01356152283723686
FGJ11,3,0.02246684339420844,3,0.9311068433463656
FGJ40,7,0.0799347009857154,16,5.550345386252343
FGM62,2,0.002686385373125681,3,0.6309848756838836
FHF75,1,0.0016110905270136024,1,0.7634269595005594
FHP57,3,0.000558546524233138,3,1.0174046901970006
FHP61,2,0.00038371912673143023,1,0.47102173570452105
FHP66,1,0.0001848402407677791,2,2.0
FHR09,2,0.00036694138725279696,1,0.14867560519917314
FJB00,3,0.00047406028184521573,1,0.016401761216760923
FJB01,1,0.0002522757598683017,1,0.18160008253023466
FJB18,2,0.0005013457417939434,1,0.797581250893259
FJB29,4,0.001035622103331307,4,1.3203773128407814
FJC84,1,0.00023290985124473047,0,0.0
FJD08,1,0.00047732098417359645,0,0.0
FJF08,4,0.0015239505878653127,9,2.8421829519660577
FJH11,1,0.0028881900331547607,0,0.0
FJJ22,1,0.000451097623174076,1,1.0
FJJ28,2,0.0014813079971805576,0,0.0
FJK24,2,0.0003810897961438753,3,0.6770328713246855
FK10522,1,0.00011261932631218517,0,0.0
FK10525,1,0.0004358761417462942,2,0.9285213111158663
FK10800,3,0.12539999395414791,0,0.0
FK11915,3,0.005981376029774634,0,0.0
FK27451,2,0.04830605977292424,0,0.0
FK31208,1,0.00023110359338187136,0,0.0
FK31245,1,0.00012395416702792284,2,1.1029277069149694
FK31273,1,0.0004501515176518637,0,0.0
FK31926,1,0.00012395416702792284,2,1.1029277069149694
FK38517,2,0.318599396593568,0,0.0
FK42628,1,0.002276003106643132,1,0.6237689441510827
FK42644,4,0.002096042494506767,1,0.158338435478468
FK42646,3,0.00584958900492183,1,0.6237689441510827
FK44376,2,0.011272747873206708,0,0.0
FK49154,1,0.13589457808187988,0,0.0
FK49707,1,0.006672806772651663,5,3.6914086284322343
FK502700,2,0.14107705356393113,0,0.0
FK51287,1,0.006672806772651663,5,3.6914086284322343
FK52431,1,0.006672806772651663,5,3.6914086284322343
FK54613P,2,0.001220507972359233,18,9.147575298241598
FK54813C,1,0.0004895681239730837,2,0.6781948862842951
FK55743,2,0.01207712240814844,0,0.0
FK55970,1,0.0028196035181254388,0,0.0
FK56827,1,0.00480396891269097,0,0.0
FK58035,2,0.9670583461526463,0,0.0
FK5861,3,0.019679418240651704,5,2.3927403688925124
FK59253,1,0.006672806772651663,5,3.6914086284322343
FK59276,1,0.16232139958244798,0,0.0
FK62093,1,0.007146141236379948,0,0.0
FK63700,1,0.49994851784214167,1,0.5724096826840402
FK69072,1,0.034495263276562584,0,0.0
FK70482,1,0.03746478281276595,0,0.0
FK72064,1,0.05495919863860595,0,0.0
FK72066,1,0.1415013276649941,0,0.0
FK76786,2,0.249578844409324,0,0.0
FK83205,1,0.00018534133701666398,0,0.0
FK84182,1,0.00018407235450280308,0,0.0
FKBD2003,12,0.005680204807875392,1,0.15916185030501082
FKF75,4,0.0006432729881196686,1,0.21085613934073072
FKV54,1,0.00019038737601649545,0,0.0
FKY72,1,0.00018457265821815623,1,1.0
FKYL014,3,0.7292274120568667,3,0.04845048836372271
FMH54,1,0.00012121310097352626,0,0.0
FMJ68,3,0.0004471820228200754,6,2.5762677525834325
FMJ69,3,0.0005298643755733475,6,2.3282521853262446
FMJ70,3,0.0004938250245246772,5,2.5038031256392967
FMJ71,3,0.0004963944046931471,7,2.937069070160671
FMJ72,3,0.0005195292187984619,5,2.682861405841298
FMJ73,1,0.00027016159526615076,3,2.7045036500022075
FMJ74,1,0.000475425036870966,11,6.84188559950267
FMJ75,1,0.0003709618495998739,0,0.0
FMJ76,1,0.00027016159526615076,3,2.7045036500022075
FMJ81,8,0.0010802347200816681,7,1.8889764607718005
FNB05,1,0.000725926350857678,0,0.0
FNB20,1,0.00018459817615858827,0,0.0
FNC42,1,0.007615059807079106,0,0.0
FNP45,1,0.00012543186958874664,2,1.421020133189699
FO3232054,1,0.0006684250110189872,0,0.0
FO50200,1,0.725075118593795,5,5.0
FO60702,2,0.013464679085041075,13,4.279943495759264
FPD61,3,2.0506694896118978,0,0.0
FPF83,2,0.00026899742478837764,4,2.467151520461823
FPN78,4,0.3118768527131875,4,0.2906646709378869
FPP82,5,0.07223809276034775,5,1.3316964178455237
FPR24,3,0.0003569002582426855,3,1.347534628824566
FPV17,7,0.6674916492315895,8,1.9790269697418164
FPV96,2,0.00036840632340490236,9,5.995857727931445
FPX96,2,0.000694885969871244,3,1.8335548368036896
FRB08,4,0.0007217911312108134,4,1.3644796176100802
FRB12,4,0.0008881168363565541,3,0.9366565755319898
FRC25,2,0.0006834895528567094,8,3.360910268141898
FRG83,6,0.025400833970352456,1,0.28788347263858505
FRH55,1,0.00012885020766640625,0,0.0
FRJ07,3,0.001400205332938312,3,0.7536253825626978
FRM19,9,0.1271241744557901,10,0.41366127765065297
FRM36,1,0.00047541144095983713,10,6.537689408545883
FRP56,1,0.018604108767964637,2,1.7830746301498954
FRY31,1,0.0007684481927144162,2,1.6671847052589361
FRY32,1,0.0006489049939052934,2,1.6130972149510243
FRY33,1,0.0006489049939052934,2,1.6130972149510243
FRY35,2,0.0003759764239916816,0,0.0
FTC66,5,0.046785614361939946,0,0.0
FTC68,2,0.0005810374800891533,0,0.0
FTC99,6,0.0019823500357290485,2,0.3212136923350641
FTG80,1,0.0002076531104195938,0,0.0
FTG81,3,0.004402240897225126,4,2.118934264014596
FTG82,1,0.0005809333924325714,1,0.3632672684593657
FTG84,1,0.0019347621936756695,0,0.0
FTH84,5,0.009076172680961258,7,2.2853143421055293
FTN22,7,0.003983525139989857,2,0.41012228284391516
FTN29,1,0.00018906014832830462,1,1.0
FTP69,1,0.09427003427441624,0,0.0
FTP74,3,0.0008284431652629477,0,0.0
FTV98,1,0.00020253185678634528,1,0.47754205120553694
FVF42,2,0.023631038015805926,3,0.27473889136679375
FVT24,6,0.053704968328194706,8,1.97910639235923
FVW27,2,0.0059549192227640515,3,1.7149908025665845
FWF49,2,0.000827999944399252,6,2.4017634243243107
FWG22,4,0.3657625080542205,9,3.4419408143911068
FWN40,1,0.0007684481927144162,2,1.6671847052589361
FWN41,3,0.0017263244831048946,4,2.5605638404199214
FWT15,1,0.00028261016355355897,1,0.01817753424268899
FWV08,2,0.00396717900867954,0,0.0
FWV26,2,0.00038632582150696155,0,0.0
FXC22,1,0.04950123693704369,2,0.17827008770537273
FXC31,1,0.00015960819871601255,3,0.9587744003764899
FXC32,1,0.0004769987901184776,4,1.756988427957145
FXC36,1,0.00047909158930513205,8,4.433906397691511
FXC58,3,0.013551278436825527,0,0.0
FXC66,5,0.06668768917021174,5,1.0371285156053152
FXG39,1,0.0004607072694208899,0,0.0
FXG52,2,0.0009520552886126503,2,1.012777680997686
FXG54,2,0.0005902388057688041,1,0.20755893310327325
FXG90,1,0.00018945005666043895,1,0.5727443912674803
FXG94,3,0.0004661200375513702,2,0.7381711295214478
FXG96,1,0.0004755693738138253,4,1.693193900188544
FXH13,3,0.5260572116670489,11,2.0576986852192993
FXH13-lampada,1,0.6888105110120275,0,0.0
FXK48,1,0.00043892924442534873,4,2.7073259284286637
FXL45,1,0.0003189240004905893,1,0.797581250893259
FXL48,1,0.0003389145611786904,0,0.0
FXM71,2,0.0010231317291284883,3,1.925690789269514
FXM73,1,0.0005122286369298868,1,0.7075646881460022
FXM74,2,0.0009751971012590068,3,1.925286983425197
FXM86,1,0.00045939165072553804,1,1.0
FXN99,1,0.00020058193005455518,0,0.0
FXP04,2,0.0007867445893374847,2,1.7394074868172178
FXP16,3,0.00053733075599783,2,0.8672700372311133
FXP18,1,0.00018382463331841845,0,0.0
FXR94,2,0.0006356890478201523,1,0.8456128922464172
FXT03,3,0.0008926756251978708,5,1.918032955228224
FXT08,2,0.0005412258946451813,2,0.9120637358201716
FXT80,2,0.0006241967582435,2,1.3662777344994943
FXX65,4,0.0015707056271106242,4,0.6382955165500064
FYJ44,1,0.00019773723479219368,1,0.5507756057545594
FYJ64,2,0.0006518370817173818,1,0.5507756057545594
FYL45,4,0.0025643351306636804,6,1.3997525078737578
FYM50,3,0.24871461343762027,0,0.0
FYM51,1,0.04870172473974321,0,0.0
FYW81,1,0.0001817510522646952,1,0.7069204359724414
G05426,3,0.08400747418220063,4,1.6484663190739635
G0716-lampada,1,0.7387093864759158,0,0.0
G36929,6,0.36624491683761706,1,0.19992055491266203
G38583,2,0.12860687447785588,1,0.1056816083687743
G38593,1,0.11066046941776357,1,1.0
G39717,1,0.03650418404919904,0,0.0
G39957,3,0.33551687423609955,1,0.20348005596514765
G40379,4,0.14039373028995872,1,0.2505376672640677
G40543,3,0.273919991473123,6,2.003867978651622
G40820,1,0.06774665715669687,0,0.0
G40845,1,0.3198867471022065,0,0.0
G40890,2,0.17008583132619093,8,2.9354410066495946
G40892,2,0.049380107235289926,5,2.171705909273679
G40896,1,0.0550245274474838,4,3.2738283279023257
G40906,1,0.029736107816674195,3,3.0
G41152,2,0.5381782253513577,1,0.8831607695310439
G41180,1,0.7412666078236924,1,0.2897847023047084
G41401,3,0.23235664907840575,2,0.5924659307079448
G41471,3,0.9933239420933297,5,0.7543726369833273
G41618,1,0.1085449578140541,0,0.0
G41670,1,0.03220683404319501,2,0.692696785332063
GBD97,1,0.03629488407495605,1,0.6509687771938304
GBF97,1,0.00019308097662921238,1,0.03209899669551109
GBJ45,4,0.0030261404476460167,0,0.0
GBK12,3,0.03427195907837738,6,1.0769257854062886
GBN14,2,0.0009147526716954421,3,1.2248682808942555
GBT40,1,0.00048008143679166505,2,1.1691463104754098
GCB80,3,0.00037278333602970635,3,1.1286297875673952
GCB81,2,0.0002652482897963501,4,1.7518927220270974
GCB82,1,0.00012915343892815336,0,0.0
GCB83,1,0.00011630733262986083,0,0.0
GCB84,3,0.0004358152931886768,3,1.4291589083748968
GCB85,1,0.00012336396816431947,2,1.417535188046653
GCB86,1,0.000143311770179723,1,0.5734422625847749
GCB90,1,0.00018807465298337228,0,0.0
GCK39,3,0.000790459412804652,3,1.0829205715677965
GCP36,7,0.0015541574387959714,20,6.951479585082383
GCP39,4,0.0007020287166786542,7,3.7211219823701924
GCR46,1,0.00048402778749924766,2,0.8144989871362631
GCR54,4,0.0011645867852474398,0,0.0
GCT42,1,0.00045939165072553804,1,1.0
GCT50,3,0.0031516882380363464,5,1.1329989258559643
GCT91,2,0.0003741853590895637,0,0.0
GCT95,2,0.004099524690513022,1,0.14867560519917314
GCX10,1,0.09918834521500734,1,1.0
GDG76,1,0.0001257850507803786,0,0.0
GDJ36,2,0.0936537250483941,1,0.0066216217714475025
GDM01,1,0.0001848402407677791,2,2.0
GDM18,3,0.008223485918635873,1,0.5132517564122354
GDP68,1,0.0002002001976350948,1,0.5501495169234732
GDP69,2,0.0006614591523198883,2,1.2405907182929297
GDP80,2,0.0006747349273937295,1,0.6904412013694563
GDR44,1,0.16535278195415773,0,0.0
GDT38,1,0.00011995556337124747,0,0.0
GFC37,2,0.0006817800191127908,4,2.491355217839875
GFG22,1,0.007498601454932989,0,0.0
GFG59,2,0.0013892114151888473,7,3.987303513471009
GFG60,1,0.0006313547941723713,7,5.588762180470997
GFG62,1,0.0005243840548661695,6,4.506359885347895
GFG68,1,0.0005243840548661695,6,4.506359885347895
GFJ11,1,0.0006971065879180797,2,2.0
GFP59,9,0.006651877249661921,3,0.4125338163332849
GFV21,3,0.039150624055411726,6,2.1068046464638903
GFX87,3,0.04620480058088901,6,1.108612042598025
GFX89,1,0.0019145042685440134,0,0.0
GFX90,1,0.00023600329674968113,0,0.0
GG-86032,1,0.03420090719339226,0,0.0
GG-AB94925,1,0.033925412150083094,2,2.0
GGC40,1,0.0007903784483676379,1,0.8036890278727904
GGC41,1,0.0011755945940289114,1,1.0
GGF02,2,0.002284328446021484,6,2.4384747199694154
GGF36,1,0.0004628254396611291,0,0.0
GGJ50,1,0.002166291230445667,1,0.5132517564122354
GGL22,2,0.000650408380530542,3,1.2613541999056133
GGM03,7,0.003056635077181145,9,2.7309276119457535
GGM04,7,0.003056635077181145,9,2.7309276119457535
GGM05,1,0.0015558439409058033,1,0.18222332214020645
GHK15,1,0.0020192047015267986,1,0.25091018794319936
GHK23,4,0.17644252639704966,4,0.9135544973404683
GHK74,4,0.0018727669500051714,10,3.69790016758113
GHK83,4,0.0023788204509154883,4,1.0758067160758134
GHK84,1,0.00045434142353491946,1,0.4925488381579944
GHL23,1,0.0003375785749481777,1,0.7058697970272106
GHL39,2,0.002458510449230688,7,3.237475135558835
GHL91,4,0.030339090808553213,3,1.6098312409477789
GHL93,3,0.008701627608710516,2,1.2161513135304
GHN07,1,0.0005950814925301376,2,1.8697037434086088
GHP85,2,0.041413547898854625,3,1.825763773647031
GHR48,2,0.17694015574261185,0,0.0
GHR66,1,0.0001257826747889322,3,2.137511272111095
GHV62,1,0.0029605770446986964,0,0.0
GHV63,1,0.00068880642823343,4,1.8741068043638947
GHV65,2,0.0026063712248352877,5,2.8022629104975274
GHV66,1,0.0007695874633374972,3,2.543389016846295
GHV76,1,0.0021207397496491648,0,0.0
GHV80,2,0.00090533225095945,6,2.5442011535816333
GHV87,2,0.0009219246554104844,1,0.4960440487997173
GHV88,1,0.002036659475803294,0,0.0
GJD28,1,0.0001961347894874557,0,0.0
GJD29,1,0.005989554900440049,0,0.0
GJD81,1,0.0006971065879180797,2,2.0
GJD86,1,0.00048008143679166505,2,1.1691463104754098
GJF02,1,0.0006735209214624301,0,0.0
GJF46,1,0.0006971065879180797,2,2.0
GJF68,3,0.008602764815000573,4,0.5821314587764911
GJG39,1,0.0010827251237855737,0,0.0
GJG55,1,0.0010397175558522977,1,1.0
GJJ86,2,0.01664172575182884,12,9.931936555607729
GJJ88,1,0.016182521964469045,11,9.969610592130207
GJK07,1,0.0004867109799594597,7,4.400305846362587
GJK40,7,0.056098948525945797,6,1.8569699024051196
GJL13,1,0.000473956382629941,0,0.0
GJM72,1,0.01935070057916843,2,1.5873148553157534
GJM72-lampada,2,0.023388736976463015,0,0.0
GJN32,1,0.0001831434925351017,1,1.0
GJN58,2,0.0014942759320480535,7,3.860258615399573
GJN59,1,0.0006313547941723713,7,5.588762180470997
GJN61,1,0.0006313547941723713,7,5.588762180470997
GJN64,1,0.00018821405040811618,1,0.4218090509747885
GJN69,1,0.0004644852403443458,6,2.7371017951181713
GJN92,1,0.0006559534491361295,3,2.685205426674866
GJP34,1,0.0005243840548661695,6,4.506359885347895
GJP59,2,0.0006429083682998728,5,1.3980701944135572
GJP71,8,0.24557772230746117,7,0.8613733328859029
GJR84,3,0.0014270823308357376,8,3.191406644175292
GJW42,3,0.001645871028357579,11,4.4219709177660915
GJW44,3,0.0014168565256975324,0,0.0
GJX37,3,0.0013446054464724183,1,0.7731671913615669
GJX39,1,0.000451097623174076,1,1.0
GJX40,1,0.0004642940090604053,1,0.6900019833576242
GJX41,1,0.00044872685326958513,2,1.3071498670848087
GJX42,2,0.0011844323617953558,3,1.205352861785977
GJX46,1,0.001090073564290125,3,2.25349423411715
GJX47,1,0.001090073564290125,3,2.25349423411715
GJX50,2,0.0009294558873921136,2,1.0292140202721654
GJX83,4,0.004687814114546449,8,1.456120791149916
GKB77,1,0.11108002158895461,1,0.8510259715824122
GKC04,1,0.00044328131679084926,1,0.7056797040743116
GKC47,1,0.00800302888887841,3,2.288738355962936
GKC48,4,0.009637213664925438,11,3.232816811671828
GKD45,6,0.009634541180399641,1,0.30584767359706194
GKD51,2,0.0010903829555749848,5,2.6807431137361926
GKG13,2,0.001092789746661401,6,3.33449611816933
GKG77,2,0.00816810907868973,0,0.0
GKH23,5,0.0022704646072943375,2,0.7212669448925754
GKJ52,1,0.0007539004202365838,3,0.8660778274069579
GKJ64,3,0.0015902007346875523,2,0.588164198010042
GKJ65,1,0.00043992374483756093,0,0.0
GKL60,3,0.0013556932820818993,1,0.3070533785040142
GKT33,1,0.0006015132597809248,6,5.74763440952418
GKT37,1,0.0006015132597809248,6,5.74763440952418
GKT38,1,0.0006015132597809248,6,5.74763440952418
GKT39,1,0.0006015132597809248,6,5.74763440952418
GKX77,1,0.00044762181372899883,5,4.19495812659677
GKX80,1,0.009280686360704612,0,0.0
GKY00,9,0.0034306017673182295,4,0.7906605274742847
GKY88,4,0.0032534988726024327,31,9.436738268042333
GKY89,3,0.0014064979086203613,27,12.061432968841904
GKY91,1,0.0002687503398094171,0,0.0
GKY96,1,0.004594578878312674,0,0.0
GLA4903-2,1,0.0033413326313614213,1,0.5601252457263709
GLC12,4,0.0008269013842692042,0,0.0
GLD47,3,0.003128954599715022,1,0.192594837033533
GLJ24,1,0.0004355281962831289,1,1.0
GLJ27,1,0.0005082800129036768,4,3.814878320246381
GLK69,1,0.0018859329902639879,0,0.0
GMC86,2,0.0012210562732466496,0,0.0
GMC87,1,0.0006559534491361295,3,2.685205426674866
GMC96,2,0.0009216776711047794,3,1.2221457595833196
GMC98,1,0.0007416446339870695,0,0.0
GMD06,1,0.0004855523494452486,1,0.5083664702669737
GMD08,1,0.0006176293034814195,1,0.7482128537722934
GMD15,1,0.0005677219140422019,1,1.0
GMD16,1,0.0006015132597809248,6,5.74763440952418
GMD97,1,0.008037955185690334,0,0.0
GMF06,1,0.015770831535260196,0,0.0
GML67,2,0.0012158164097833542,1,0.7303632180530487
GML96,1,0.10465097291975693,5,3.808696933723331
GMM41,3,0.0019046114309837995,3,0.8887767745792037
GMR16,1,0.0004900113962229203,0,0.0
GMT90,1,0.0006313547941723713,7,5.588762180470997
GMW03,4,0.008887563144401527,5,1.460484939050691
GMW07,1,0.0007512287258325079,0,0.0
GMX47,2,0.0006484684347204436,1,0.339849946020296
GNB05,2,0.0008999094502701836,2,0.3663241428619268
GNC25,1,0.0005015892159699689,2,1.6603141480716008
GNC27,1,0.0005015892159699689,2,1.6603141480716008
GNC29,1,0.00044169759707798933,2,1.4653963185519885
GNC31,1,0.00047532728444866525,0,0.0
GNF18,1,0.0004509735507236925,16,12.044050801349089
GNF19,1,0.0005677219140422019,1,1.0
GNF20,1,0.0006295644493012779,0,0.0
GNH11,3,0.0016166781696995544,6,1.1805150631566983
GNJ20,2,0.001109639303607276,7,4.0389545440623404
GNJ21,4,0.0023130459882581564,7,3.1129593001649467
GNK14,1,0.0006313547941723713,7,5.588762180470997
GNK16,2,0.0012236550617631585,2,1.0670017509907908
GNL07,3,0.009017223200375504,9,3.0991572272105623
GNL70-lampada,1,0.011748355867344297,1,1.0
GNL83,1,0.0004476169961762392,0,0.0
GNL84,1,0.0004646431154540116,1,1.0
GNL85,1,0.0009369035544431598,2,2.0
GNL86,1,0.0004646431154540116,1,1.0
GNL87,1,0.0003840925671678132,0,0.0
GNP16,5,0.002249303361865389,2,1.087146077363929
GNR50,1,0.05035487991584448,0,0.0
GNY95,3,0.023552091914410683,3,0.32622107956996366
GNY96,2,0.0026038915066429525,3,0.7172494637743438
GNY99,4,0.050487339365970815,4,1.004276024728174
GPB30,2,0.001103259214410423,1,0.7482128537722934
GPD88,3,0.001380368092687462,2,0.9948517707517112
GPD89,1,0.0004665450456939708,0,0.0
GPF12,1,0.0004596249575995225,1,0.36282786525254257
GPF72,3,0.009361778922856018,0,0.0
GPG21,2,0.0011773539646136454,6,1.8790172227267705
GPH80,2,0.0009080400051977911,0,0.0
GR08876,1,0.004296194658490145,0,0.0
GRB42,1,0.0042447270654646565,2,1.2995188424467115
GRB43,1,0.0018367837614977904,2,1.235695864901466
GRB56,1,0.004246623482266763,0,0.0
GRB90,1,0.00419299771413266,1,1.0
GRF09,4,0.03417297882654968,12,2.6701731665785653
GRG62,2,0.03917902142729224,4,2.111259092798123
GRG73,2,0.176861853823839,0,0.0
GRG86,1,0.0010397175558522977,1,1.0
GRH82,1,0.03073869464926074,2,1.3250266580350547
GRN28,1,0.0007441206791575448,0,0.0
GRP99,4,0.11562182783699532,4,0.35270665633069687
GRR05,1,0.0019129456468522084,3,2.468957026196251
GRR21,1,0.0006976055878553419,0,0.0
GRR23,1,0.0007206976443203242,0,0.0
GRR44,4,0.6479515718047292,5,1.4634641504413033
GRT39,2,0.0014536123330794702,0,0.0
GRW37,1,0.029399891641901866,0,0.0
GT10116,1,0.8184206875345484,0,0.0
GTF36,3,0.03634914164495852,3,2.287767491341273
GTF89,2,0.0037910448857202362,2,0.2427361058858804
GTG00,1,0.001743956126109708,1,0.03195383243583332
GTG01,4,0.2631404533515782,9,1.8088796944047576
GTG50,1,0.0018414253901791302,1,0.5023279174483584
GTG51,7,0.012700778740142245,5,1.1907705842941174
GTG52,4,0.007297590618190285,6,1.9524826241430269
GTG53,3,0.005538300333883344,4,1.2992403576086313
GTG54,2,0.005175290870693202,4,1.1090505652297997
GTK42-lampada,1,0.0029137356508687072,0,0.0
GTK83,1,0.0006268092231829366,0,0.0
GTK91,1,0.0007840785779879288,3,0.8558213197675395
GTN13,2,0.001419570444468154,1,0.22509174254055295
GTN58-lampada,1,0.19535823574250258,1,0.1010795280241915
GTP42,4,0.0018284285189590652,4,0.9160662556131768
GTP43,3,0.001695880722215034,1,0.031129933452641274
GTR95,1,0.0018190231073877898,1,0.5090674638847301
GTT93,1,0.0011492303426640987,0,0.0
GTV13,1,0.0076801784098303825,2,0.6732334049889772
GTY62,1,0.003434541620085054,0,0.0
GVC41,1,0.0009405465326732242,0,0.0
GVC96,1,0.0007631014476057622,2,1.2482492178932736
GVG36,1,0.000774486171161435,0,0.0
GVG37,1,0.007527111930759349,2,0.941137700189631
GVG50,2,0.0013971126738957272,3,2.0556162800245987
GVG51,1,0.0006559534491361295,3,2.685205426674866
GVG62,1,0.0006972193823154662,3,2.1852266569549106
GVG67,2,0.0012408946198165125,8,4.408018710808444
GVG68,1,0.0007641710213824167,0,0.0
GVK25,1,0.0027105065741239486,1,1.0
GVK25-lampada,1,0.0030158912795586685,2,0.616145170183198
GVK41,1,0.030906399843699913,0,0.0
GVK48,1,0.008054277162593385,3,1.4408772108500036
GVL59,1,0.0004664154746555688,2,1.0575634965391219
GVL62,1,0.7502418581353969,0,0.0
GVL63,1,0.20672608245136026,0,0.0
GVV50,1,0.49157371974160424,0,0.0
GVW26,1,0.4777903147808786,0,0.0
GWC97,2,1.431825898519754,1,0.6744727778191545
GWD62,2,0.00945260108250651,0,0.0
GWF57,3,1.0484821153877026,6,2.815950068513236
GWF58,1,0.012011439696953957,5,0.8707932977533192
GWF59,2,0.32945848715219606,6,4.584042112662448
GWF60,2,0.32945848715219606,6,4.584042112662448
GWF61,2,0.32945848715219606,6,4.584042112662448
GWF62,2,0.32945848715219606,6,4.584042112662448
GWJ97,1,0.030226080574010706,4,2.2811316232478225
GWM27,1,0.00579426464032187,0,0.0
GWN15,1,0.006520109216964065,5,3.9941521552374835
GWN16,1,0.007968556440990716,1,0.49736846138184626
GWN26,1,0.00111959870770782,0,0.0
GWN26-lampada,2,0.005852502436781781,0,0.0
GWR81,5,0.0009265085828813254,1,0.44738313801742335
GWR83,4,0.000739423577988847,1,0.20981580599086425
GWT11,1,0.0004895800170719449,2,0.9027232601003349
GWT24,2,0.040366391281312294,2,1.569117158892103
GWT71,2,0.03182467896309252,6,1.953951021661334
GWV00,8,1.921250010843712,14,5.578769175877393
GWV14,4,0.8129991442267349,14,5.431447992277989
GWV15,3,0.8473301511567941,13,5.636450880209642
GWV16,13,6.278326135062752,17,6.001405516346314
GWV17,8,2.413010762076349,18,6.48939478976329
GWV18,5,1.5609515270804122,13,5.422546246137707
GWV19,13,4.475532723806081,18,7.565828300768716
GWV20,14,5.698941786577049,18,6.579943085572423
GWV21,5,1.4439430976687484,13,4.069267108140251
GWW53,2,0.002552491849833139,7,3.459975247356726
GWW64,2,0.4348477960886721,1,0.7562463555475597
GWX09-lampada,1,0.0029832554896395747,0,0.0
GWX77,3,0.020321814127893217,5,1.5637902422463288
GWX78,3,0.05661196113492189,3,0.45765176902406796
GWX79,3,0.02603018357218012,5,1.993459139795956
GWX80,1,0.0006965383304326743,1,0.18513616909150887
GWX81,1,0.0029972612352517944,3,1.2190596507041023
GWX93,1,0.001742026615268578,0,0.0
GXC63,2,0.008698343142759251,4,2.290092063156697
GXC64,1,0.0019129456468522084,3,2.468957026196251
GXC95,2,0.04889983366573063,4,2.0604120092644425
GXD62,1,0.0019638636562140043,0,0.0
GXF04,1,0.006463686461419447,0,0.0
GXF67,1,0.002579709364000286,0,0.0
GXG75,1,0.0020489237284340134,0,0.0
GXR53,1,0.02975539865338652,0,0.0
GXT29,4,0.006855487133974374,8,3.733453013890749
GXT30,1,0.0007839625109682916,1,0.3381648686872098
GXT32,1,0.002684319214538817,4,3.385037072824244
GXX13,1,0.05016506063055719,1,1.0
GXX19,1,0.0006298754364976924,2,1.7600423797261522
GXX21,3,0.5428994904954512,3,0.917491505944114
GYC72,1,0.05016506063055719,1,1.0
GYC94,2,0.07314805526682308,0,0.0
GYC99,5,0.39822873675321,3,0.32690536310559737
GYD02,2,0.012159143084376637,5,1.9966415282405656
GYD03,2,0.007102127157035046,4,1.7631797573223402
GYG22,1,0.17966007699395622,0,0.0
GYG27,1,0.007849355936591135,1,1.0
GYH06,1,0.26200278775518804,0,0.0
GYH50,1,0.001985094482591958,2,0.3856779085084072
GYH81,2,0.1523705279060237,0,0.0
GYH93,2,0.005381425979395377,1,0.7043316026723471
GYH94,1,0.0023153669340829,1,1.0
GYJ00,1,0.03566052391096518,0,0.0
GYJ01,1,0.0023153669340829,1,1.0
GYJ02,4,1.340054587216462,2,0.764918356046617
GYJ04,3,0.016963663015945527,5,1.2169244754214592
GYJ08-lampada,2,0.005832537470346196,2,1.4301133617323096
GYJ16,1,0.001090073564290125,3,2.25349423411715
GYJ17-lampada,2,0.005832537470346196,2,1.4301133617323096
GYJ25,1,0.06620409077723981,0,0.0
GYJ69,1,0.007436461275130785,0,0.0
GYK43,1,0.0011755945940289114,1,1.0
GYL12,1,0.001958056155001971,1,1.0
GYL13,1,0.0019561473702300234,0,0.0
GYN24,1,0.010872898791212908,2,0.5790876501768882
GYN26,2,0.8831864707840923,4,1.6056208217802548
GYP10,3,0.005864603165982124,3,0.9028167448200439
GYP31,1,0.0018957698158458202,0,0.0
GYW91,1,0.0026696339792394224,1,0.7043316026723471
H29286,2,0.00038265816260678624,0,0.0
H29602,2,0.0003960599567983197,1,0.7104886433229675
H29687,1,0.0005248908310744162,0,0.0
H29710,1,0.0001895998433288826,0,0.0
H29779,1,0.00019017551194515245,0,0.0
H29805,2,0.0003800647818489089,0,0.0
H29815,1,0.00018974426373166177,0,0.0
H29857,1,0.0002964811941220062,0,0.0
H29858,1,0.00019029362720310658,0,0.0
H29867,1,0.03824158232683378,0,0.0
H29878,1,0.0004901422254804459,0,0.0
H29881,1,0.00019180706658857022,0,0.0
H29902,1,0.0005874552635762464,0,0.0
HASF5851UE2,1,0.007859167208215641,0,0.0
HB-P1802,25,1.708007006900488,8,0.9266343982999917
HBB90,1,0.032725497328683684,0,0.0
HBB91-lampada,1,0.012062186291694497,0,0.0
HBC81,1,0.6915169539289547,0,0.0
HBG41,1,0.004347791596290426,1,1.0
HBH38,2,0.006361789819976507,5,2.106608085861054
HBH39,2,0.011925595927351254,2,0.1956664784251286
HBH45,6,2.513921799200914,3,0.058666627366940574
HBJ31,7,2.0709165286544424,13,6.075554029955135
HBL67,1,0.00825598785892142,1,1.0
HBN02,1,0.007957591997257466,2,1.2451196539246034
HBN63,5,0.6095977278508349,2,0.5641426440358679
HBP13,1,0.14487528078800566,0,0.0
HBP40,1,0.11882273800225172,0,0.0
HBP41,4,0.12778474554746225,2,0.34742686402489426
HBP42,1,0.02342034790730017,1,0.18759939739495365
HBT41-lampada,3,0.00878673347756173,0,0.0
HBV15,2,0.1651738825124842,0,0.0
HBV16,1,0.0056608264433438416,0,0.0
HBV19,1,0.5111060647804677,0,0.0
HBV21,1,0.015212294004944144,3,3.0
HBV24,1,0.0042447270654646565,2,1.2995188424467115
HBX34,1,0.0017675504642225455,0,0.0
HBY72,1,0.0019056379417972356,0,0.0
HCB47,6,1.6571873675943778,13,6.0007243978429425
HCF68,5,1.1324996778864822,8,2.381273877157164
HCF81,1,0.011995297054167797,0,0.0
HCF83,2,0.49120483176805263,0,0.0
HCG03,1,0.011998629895854488,2,1.251909237578931
HCG14,3,0.14049635914104078,1,0.2864245305653244
HCG16,1,0.011526182452723296,1,0.2864245305653244
HCG20,1,0.0069006139454865605,8,4.348111320715331
HCG25,1,0.9016565998747988,0,0.0
HCG95,14,6.229380234941684,17,6.180353406421758
HCH99,1,0.0019191843850035453,0,0.0
HCJ16,2,0.032073308183118016,2,0.5283905838186943
HCJ60,30,15.142652582836302,5,0.6750593605646314
HCJ64,1,0.12675308089832607,0,0.0
HCL81,2,0.004431194817553224,0,0.0
HCL82,1,0.017746643709177123,2,1.836049858284568
HCL83,1,0.2783007879786886,1,0.6337830473555343
HCL85,1,0.008835120090781074,0,0.0
HCL87,1,0.008540308371472996,0,0.0
HCL88,1,0.002904644246587739,2,0.30365052619498173
HCL91-lampada,1,0.003018805239721677,3,1.6003775456088405
HCL92-lampada,2,0.005934291131265191,0,0.0
HCN46,1,0.004733596695592985,0,0.0
HD-8912,4,0.0029641710261593904,2,0.8701926800816733
HD-8913-BU,4,0.003568344208112684,1,0.05749629949191486
HDC75,1,0.11137500597462124,0,0.0
HDF70,1,0.004196998663558627,2,2.0
HDF71,1,0.004196998663558627,2,2.0
HDF77,1,0.004196998663558627,2,2.0
HDJ23,2,0.00861566454291612,4,1.3702043880844597
HDJ24,1,0.03879335551426059,0,0.0
HDJ25,1,0.0019146714712002344,2,1.048061563924834
HDJ33,1,0.11794741309161814,0,0.0
HDJ39,1,0.006686849256437585,2,2.0
HDJ40,1,0.006686849256437585,2,2.0
HDJ41,1,0.006686849256437585,2,2.0
HDJ93,1,0.01199955022683531,0,0.0
HDL86,2,0.6915566414476659,0,0.0
HDN03,1,0.14198897316698814,0,0.0
HDN95,1,0.008365132687270928,4,2.9384390954717183
HDP03,1,0.0029004150248688257,0,0.0
HDP04,2,0.014605703571815634,4,1.8311266531916413
HDP06,1,0.028554297461181204,0,0.0
HDR30,1,0.008365132687270928,4,2.9384390954717183
HDR31,1,0.008218495513860216,0,0.0
HDR32,1,0.2778912426193152,1,0.8265284011935152
HDR83,2,0.40677972460658696,1,0.8265284011935152
HDW63,1,0.01823322588926708,2,1.7004857268859903
HDX26,1,0.8296365942112717,0,0.0
HDX27,1,0.8695400967974602,0,0.0
HDX35,1,0.005335317039239021,0,0.0
HDX36,1,0.005058651624498784,0,0.0
HDX42,7,0.19917346589370644,1,0.20260461164289886
HDX45,1,0.007812618403327077,0,0.0
HDX49,2,0.025389367103171398,4,2.725862990250101
HDX61,1,0.002967213517480627,0,0.0
HDY31,1,0.00825598785892142,1,1.0
HDY55,1,0.02695306263158909,0,0.0
HDY58,1,0.007821392446344635,1,0.0506368111575713
HDY69,1,0.02644037906810516,1,1.0
HDY72,2,1.1679945743755815,1,0.5802519143024817
HDY75,2,0.014320518363054369,4,1.6847230358232537
HFB12,2,0.2806712320514516,2,0.7696406264509827
HFC04,1,0.12101301188258437,2,0.7117252832463963
HFC27,1,0.005117728648244379,1,1.0
HFC28,1,0.005117728648244379,1,1.0
HFC32,1,0.0067189299647420694,1,0.685892897046556
HFC33,2,0.014281949837297588,1,0.685892897046556
HFD00,8,0.16527470042428233,7,1.427620511325803
HFD47,4,1.995369380732411,2,1.2296964858594548
HFF34,1,0.2877168261328618,0,0.0
HFJ70,4,0.32071457677731796,0,0.0
HFJ92,1,0.012438705075611628,1,0.1385531205239569
HFJ93,1,0.07300898067347031,3,1.5685662799182587
HFK06,1,0.007642723393994274,2,1.4692888544448532
HFK06-lampada,1,0.04856774213818285,3,1.9300706631522302
HFW03-lampada,1,0.05057350901287544,0,0.0
HG-5103,3,2.109905992823758,0,0.0
HGB86,2,0.05398778044771865,3,1.410598717393266
HGB89,3,0.1751111268863776,5,1.5729836900535756
HGB90,2,0.1043407279469204,0,0.0
HGB91,3,0.15862738959665032,6,1.1939375208685281
HGC10,2,0.022705380550954182,4,3.115814422884136
HGC10-lampada,1,0.04814861076129433,0,0.0
HGC19,1,0.005853227656691005,1,1.0
HGC19-lampada,1,0.0502566440315923,0,0.0
HGK08,1,0.008068286666302266,4,1.9011671041452463
HGK09,2,0.016433419353573196,7,3.8427593845419086
HGK59,1,0.03172152666508751,0,0.0
HGL52,3,0.35867229249534915,2,1.1961631949494063
HGL53,2,0.08546994542034864,0,0.0
HGL54,1,0.028519641664857164,0,0.0
HGL55,2,0.15337349964936456,1,0.8510259715824122
HGL56,2,0.43473179695066916,0,0.0
HGR09,1,0.019912218361335915,1,1.0
HGR10,1,0.033846764414227924,0,0.0
HGR11,1,0.019912218361335915,1,1.0
HGT02,3,0.09675828736663372,3,1.5931922341032085
HGT06,2,0.029259627247872212,3,2.4471043134609074
HGT07,2,0.029259627247872212,3,2.4471043134609074
HGT15,1,0.0069006139454865605,8,4.348111320715331
HGV69,1,0.11895791281961264,1,0.4271658003071692
HGV69-lampada,2,0.1024708906228336,0,0.0
HGV70,2,0.016283245837546242,1,0.6644343990087175
HGX01,7,0.20328662279771326,8,1.3471957625889421
HGX11,1,0.018038845333672636,3,1.6301376091634678
HGX64,1,0.005332362385954704,0,0.0
HGX96,1,0.015144436865851423,1,0.22036113118231784
HGY79,1,0.3305652283065391,0,0.0
HHC89,2,0.00954121581768309,8,3.82498765075939
HHF82,1,0.0074177079262300275,0,0.0
HHG19,2,0.008715464913329233,0,0.0
HHH27,2,0.10105046415258448,5,2.8911095123608233
HHH45,1,0.007908855996381614,0,0.0
HHJ73,2,0.020379744676851955,0,0.0
HHJ83,1,0.532988018538065,1,1.0
HHK51,3,1.0293281881588618,2,0.16650456489593324
HHK52,4,0.18601772580350578,3,0.8116209916792297
HHK54,3,1.6223846626297975,0,0.0
HHK55,1,0.07395914387999464,0,0.0
HHN08,2,0.1417988609483316,0,0.0
HHN26,1,0.03124108779888172,0,0.0
HHN38,1,0.7319055465191097,0,0.0
HHN43,2,0.647408672456198,0,0.0
HHN50,1,0.02644037906810516,1,1.0
HHT05,1,0.03361564784257059,1,1.0
HHV07,1,0.7730768491598159,0,0.0
HHW83,2,0.3090864944731639,2,1.5409356960357259
HHW83-lampada,1,0.050784245511976175,0,0.0
HHX74,2,0.4412924833581557,5,3.796868640240561
HJB89,1,0.006224943560881361,1,1.0
HJB90,1,0.007188614539009472,1,0.6644343990087175
HJB91,1,0.006224943560881361,1,1.0
HJF39,1,0.4967864864331285,0,0.0
HJK00,1,0.6178346695241053,0,0.0
HJL66,1,0.7218997430997737,0,0.0
HJN63,7,1.7331050286101406,3,0.7223938366933631
HJP01,1,0.7903293525776226,0,0.0
HJP48,1,0.091180447773676,0,0.0
HJP89,1,0.0706881614608364,0,0.0
HJR70,2,0.04647877564823043,3,0.6189506210937187
HJR81,3,0.43223109332543264,3,0.5547149258351068
HJT04,1,0.8123676199291529,0,0.0
HJT06,1,0.019752638890418776,0,0.0
HJT35,1,0.01935070057916843,2,1.5873148553157534
HJT36,1,0.12585420034221775,0,0.0
HJV36,1,0.032227491298611584,0,0.0
HJW10,3,0.665473037515485,2,0.3292215395082756
HJW12,4,0.21174624716959028,7,2.1926240176227236
HJW71,9,2.7803654223718093,18,6.739444346726491
HJW72,8,1.7742164959183415,14,5.582359473558195
HJX04,1,0.03157891597031484,0,0.0
HJX55,2,0.08169545122178604,0,0.0
HJX61-lampada,1,0.05137297594452177,0,0.0
HKD64,1,0.10465097291975693,5,3.808696933723331
HKD86,1,0.031138988591493298,1,0.4455017716325578
HKF87,2,0.9910248063260132,2,1.1030676212335377
HKF87-lampada,3,1.6550447086265954,1,0.4720161737634317
HKI-9295-BU,6,0.0641952126611028,1,0.2595915469054941
HKI-9295-PI,1,0.0077658226491718356,2,1.232041624356724
HKI-9295-RE,9,0.09405623036734446,6,1.471297961371131
HKI-9366-BU,1,0.057942984877463376,0,0.0
HKI-9366-PI,1,0.030290572905072866,0,0.0
HKI-9366-RE,2,0.033738920072449025,0,0.0
HKM18,1,0.03073869464926074,2,1.3250266580350547
HKN44,3,1.2720071199045024,1,0.28984482832682323
HKR01-lampada,1,0.7358293947037722,0,0.0
HKR03,2,0.20929920259112578,0,0.0
HKR04,2,0.24638966949201324,0,0.0
HKR06,4,2.276654270072149,2,0.9659311109319833
HKR33,1,0.12209586140469955,7,5.192255792393703
HKT78,1,0.19313335860331338,0,0.0
HKT90,1,0.05927808063879431,1,1.0
HKV96,1,0.13881933732257815,0,0.0
HKV99,1,0.01823322588926708,2,1.7004857268859903
HKW01,1,0.0189258522610604,1,0.7136664111677148
HKW02,2,0.03715907815032748,3,2.1146378649396955
HKW07,1,0.02933284206853336,1,1.0
HKX42,1,0.02988886572418565,2,1.0777760372894845
HKX44,2,0.2506387102215434,6,4.195503989298107
HKX44-lampada,1,0.7240128424242307,1,1.0
HKX45-lampada,5,3.7131978083744857,0,0.0
HKY51,1,0.532988018538065,1,1.0
HLC25-lampada,1,0.7328859993776713,0,0.0
HLC28,2,0.27630404555926824,0,0.0
HLC32,2,0.23882465568464067,0,0.0
HLC40,3,1.4563797776621359,0,0.0
HLH23,3,1.4341027626008551,2,0.7514129831748759
HLH63,2,0.31248824383105506,1,0.25269747052675817
HLH69,1,0.019954252926258673,1,0.25269747052675817
HLK39,1,0.1356624531471129,6,5.43838029000777
HLK40,1,0.1356624531471129,6,5.43838029000777
HLK41,1,0.1356624531471129,6,5.43838029000777
HLK42,1,0.1356624531471129,6,5.43838029000777
HLK43,2,0.27476069078962745,6,4.030320679565882
HLK68,2,1.203389942053642,3,1.5062839960597483
HLK70,2,0.5584243604779464,3,1.9317085516698014
HLK71,2,0.6099731047966556,4,2.3287813329245273
HLK84-lampada,1,0.7485914563415775,0,0.0
HLL19-lampada,4,2.2219912827721,0,0.0
HLN45,1,0.30612576194028424,0,0.0
HLN69,1,0.12438998493761617,0,0.0
HLP06,1,0.7436974159397968,0,0.0
HLP09,1,0.7411457434000651,0,0.0
HLW00-lampada,1,0.01208536959659147,0,0.0
HLW03,1,0.5027934451765788,3,2.8509093274123245
HLW04,3,0.34063854938262117,6,2.2843068894332728
HLW06,1,0.5027934451765788,3,2.8509093274123245
HLW06-lampada,1,0.7165446830892657,0,0.0
HLW07,6,2.275172038007474,4,0.6062375314878945
HLW08,2,0.9372771155791105,2,0.2794134827643623
HLW08-lampada,1,0.7345242331622294,0,0.0
HLW09,1,0.12928366181584755,1,0.6160627142492056
HLW10,1,0.5027934451765788,3,2.8509093274123245
HLW11-lampada,2,0.7919643121378007,2,0.9209247074280925
HLW12,2,0.15689374568915138,1,0.4455017716325578
HLW13,4,0.4732231596404573,5,1.6985864471554168
HLW14,3,0.42598463150303056,4,1.2257833372373916
HLW18,1,0.0837808506177849,1,1.0
HLW20,3,2.120459517887052,1,0.2221840392427172
HLW30,2,0.23891747088744042,1,0.7151396948596861
HLW47,3,0.15272525555920477,0,0.0
HLW47-lampada,1,0.012129489551255614,0,0.0
HLW48,2,0.027954119014608304,3,0.7707051408297285
HLW48-lampada,1,0.18799888093881656,0,0.0
HLW49,1,0.011056396808889469,1,0.6289033433970208
HLW55,3,0.3427261023983549,0,0.0
HLW56,6,2.219195547656636,0,0.0
HLW61,2,0.06964154705952005,0,0.0
HLW70,4,0.9492778067122929,12,1.2021522062037728
HLW71,5,1.602779098969663,13,3.748909309225837
HLW73,5,1.6544539217368506,12,3.688214102734701
HLW74,3,0.2537635333663043,9,2.1852492487330166
HLW75,1,0.0485388072495011,9,4.078931214910382
HLW76,3,1.5007811328369187,7,1.5241910815729507
HLW77,5,2.1903017365514614,11,2.977298813103231
HLW78,3,0.07950575643074821,12,3.611322420560085
HLW79,1,0.048919689390975095,1,0.17470486955115608
HLW80,3,0.9312887745175096,7,0.1056961292860667
HLW81,3,1.6003622318553619,7,1.9135777187767216
HLW94,1,0.1245260063152096,0,0.0
HLW98,3,1.0830988351751967,2,0.557305487632828
HLW99,10,5.114302853271961,4,0.9082055708666495
HLX01,5,0.6204380603410066,13,4.05491936904323
HLX08,2,0.0883761536671987,0,0.0
HLX12,1,0.9941891495099489,0,0.0
HLX13,1,0.12444895903194636,0,0.0
HLX22,4,0.9564934788707518,2,0.4616606268799316
HMB15,1,0.11723442594393774,0,0.0
HMB20,1,0.04850875166290307,4,3.0795841476515635
HMB69,1,0.01708672706083653,0,0.0
HMB83,1,0.012320879841980914,0,0.0
HMC28,2,0.1310250500835556,0,0.0
HMC32,1,0.653620131268267,0,0.0
HMD69,1,0.18729567422316248,0,0.0
HMD71,1,0.023242860863438353,0,0.0
HMD72,1,0.029750123562808366,1,0.7676321308068017
HMD88,1,0.9932381282921208,1,0.9353760787764003
HMF90,1,0.5740356972433746,1,1.0
HMH30,1,0.0229872432843494,0,0.0
HMH34,1,0.12672552161020065,2,0.8173379867284682
HMJ98,1,0.026254473279247806,0,0.0
HMK03,1,0.39325476100650136,1,0.5802519143024817
HMK25,1,0.03140840593933725,2,0.9791134366959973
HML10,1,0.3169554301480393,0,0.0
HML25,3,1.3121711882302844,2,0.4596527672874252
HML63,2,0.06432666068346227,3,1.7258736877211796
HMV12,1,0.35596699458708186,0,0.0
HMW04,7,4.137915337145014,0,0.0
HMX07,1,0.47491531911940205,0,0.0
HMX07-lampada,2,1.4755380380851626,0,0.0
HMX82,1,0.052117751835505814,3,2.2663820982532488
HMY49,1,0.024632343835229182,3,0.8758921556288768
HNB93,1,0.5009189599187545,0,0.0
HNB94-lampada,1,0.7326182184226396,0,0.0
HNC10,1,0.03361564784257059,1,1.0
HNC39,1,0.05927808063879431,1,1.0
HND54,2,0.08103713491888488,0,0.0
HNF10,2,0.14354802058759164,2,0.863977679081559
HNF11,3,1.340481206073738,1,0.16934070798218673
HNF12,1,0.06926486577117194,1,0.6946369710993723
HNF25,1,0.7442002121892644,0,0.0
HNF25-lampada,1,0.7491278035896999,0,0.0
HNG72,2,0.14901345954553016,0,0.0
HNJ06,3,1.1408805310019752,3,1.4246203577108347
HNJ55,1,0.0485388072495011,9,4.078931214910382
HNJ56,3,0.038289272733460514,0,0.0
HNL48,2,0.21603626512635654,4,1.5754931808578332
HNL54,1,0.01585316502870955,2,1.2792566923965292
HNM85,2,1.2154675739089114,2,0.8714188944688102
HNN03,5,0.6379442253254006,15,3.787576578579088
HNN84,1,0.6630063743240655,0,0.0
HNT74-lampada,1,0.7383625366678795,0,0.0
HNV28,1,0.0698927918909579,1,0.3612761881430221
HNV29,1,0.3626151586768383,1,0.5658534056249006
HNW06,1,0.027135432435250104,0,0.0
HNW41,2,0.1307369649299815,11,5.037351842121274
HNW43,1,0.05395831850414905,8,4.77492789072156
HNW44,1,0.05083418648415432,0,0.0
HNX66,7,2.3892168319834672,1,0.09121613236903277
HPB15,1,0.125001262965632,0,0.0
HPB46,2,0.747696290470325,1,0.28984482832682323
HPC05,1,0.12039425061210289,1,0.4442705553766189
HPD34,1,0.6842285733311215,0,0.0
HPD43,2,0.1937046192648637,0,0.0
HPD45,3,1.3176983508360807,4,1.7304358320462476
HPD46,3,0.9217089036521247,1,0.2084620208935634
HPE60482,1,0.0016825177498893985,1,0.7691862382082734
HPF75,1,0.030092424303124563,0,0.0
HPF82,1,0.4341841990165706,0,0.0
HPG68,1,0.18029363228242604,0,0.0
HPG68-lampada,1,0.18726497913423423,0,0.0
HPG69,6,2.4788130338946086,12,2.257604613656685
HPH64,6,1.2923264993541905,0,0.0
HPJ03,3,2.184891243009959,1,0.24275116622660878
HPJ96,1,0.017871454422020254,0,0.0
HPK27,1,0.03186350900878218,0,0.0
HPL69,1,0.26580058150681135,0,0.0
HPL73,1,0.018604108767964637,2,1.7830746301498954
HPL74,2,0.22310681684375883,0,0.0
HPT50,5,0.5354928949478359,1,0.3612761881430221
HPT55,3,0.09082756836227528,1,0.5109710333908458
HPX23,3,0.19770740307892626,4,1.5871101201061437
HPX25,3,0.23035525928615497,3,1.2859102397042799
HPX26,1,0.03439744893154492,0,0.0
HPX85,1,0.052117751835505814,3,2.2663820982532488
HPX89,1,0.052117751835505814,3,2.2663820982532488
HRB16,2,0.35834272733091466,1,0.4111388340685847
HRB20,2,0.30685292066162084,2,1.2392821340985734
HRB45,2,0.1580739568466124,2,0.9524223540478087
HRB61,1,0.01879084876523103,0,0.0
HRB70,2,0.6043398871229427,0,0.0
HRC42,2,0.832578417868052,2,1.4043710480948857
HRC54,2,0.07650785474762824,3,1.6460235641908527
HRD34,2,0.164119127189881,1,0.7886169389571722
HRD35,2,0.20156124063909492,1,0.1570375045682817
HRD36,1,0.10206842211727045,1,0.7886169389571722
HRD36-lampada,1,0.05059669274284842,0,0.0
HRD37,1,0.07954432161414947,0,0.0
HRD96,2,0.20241585398426074,7,3.1054256394931086
HRK58,1,0.05395831850414905,8,4.77492789072156
HRP97,5,0.7580982908800783,14,2.874978311992192
HRR16-lampada,1,0.7387331083751681,1,1.0
HRY43,1,0.12293253272663782,13,8.554700339814392
HS18302,9,0.015851492601458718,0,0.0
HT-125-YE,1,0.012894719853063561,2,1.122736591009895
HT-1530,1,0.0003402923972318834,0,0.0
HTG24,3,0.6944213082530418,6,3.368946627019568
HTG24-lampada,1,0.05026702361849199,0,0.0
HTJ06,4,0.7759723554431824,2,0.772350556017291
HTL79,2,0.5682165782861456,1,0.40488983031230974
HTL80,4,0.8881363293533404,3,0.9893273278212815
HTL81,1,0.08257291415959488,2,1.3049151395341134
HTL82,2,0.10896548062244174,5,3.0216484365893166
HTN05,2,0.1362076023023712,0,0.0
HTN06,1,0.06045672895953867,1,0.7448654897307437
HTN07,1,0.1279076267730774,1,0.37949704875305446
HTN08,1,0.08257291415959488,2,1.3049151395341134
HTN09,2,0.09727101248267694,4,2.8835463015465717
HTN10,2,0.09727101248267694,4,2.8835463015465717
HTN11,1,0.04850875166290307,4,3.0795841476515635
HTN34-lampada,4,2.871930735117285,0,0.0
HTN80,1,0.48955665975463974,0,0.0
HTN80-lampada,1,0.7431473930315142,0,0.0
HTN81,1,0.12454742987265105,0,0.0
HTP25,1,0.7786175355722107,0,0.0
HVH84,2,1.6219207735428118,1,0.4971196260620987
HWH13,2,0.15774804816728694,5,2.798075724390843
HWN39,1,0.07648530825542181,0,0.0
HWN43,2,0.14157173627171082,0,0.0
HWN44,1,0.11311862317734578,0,0.0
HWN88,3,1.1919439308389332,0,0.0
HWN89,2,0.17144558150703237,0,0.0
HWN91,1,0.07177880997698079,0,0.0
HXK47,2,1.143674763704345,2,0.8400158750397182
HXP14,1,0.059609051289936446,0,0.0
HXW06,2,1.3222255493670296,0,0.0
ICO735005100,1,0.650473275405496,5,3.9834623617649547
IM87244,2,0.003810883369383381,0,0.0
IM97243,1,0.002200208419437104,0,0.0
IT00001400,4,0.0011231202657481338,3,1.0600128943276146
IT00007466,6,0.003728319170452449,2,0.5999089378953492
IT00009597,8,0.003304984032843881,0,0.0
IT00010335,4,0.0009773392242628796,0,0.0
IT005071,28,1.3523553881476658,11,1.1790258646182097
IT06102,1,0.004542157001960931,3,2.3690298801038416
IT06580,2,0.000971213046126807,6,2.0960634108715217
IT09430,101,0.8288929941943938,37,2.150458422239205
IT10282,3,0.0015340667373877986,0,0.0
IT10283,3,0.001535368032848435,9,3.2964965079594992
IT10765,12,0.0050141018160679155,9,1.6112949592217884
IT10978,4,0.5946966115746559,6,1.782616216173776
IT11207,59,0.2963523286057911,43,2.803266065435981
IT11214,2,0.0024317642085692364,4,0.36299428424001245
IT11223,15,0.04860703673248873,19,3.2136140043631625
IT11227,7,0.008788137753693673,7,0.6530044750477784
IT11228,9,0.039628109975816034,3,0.4261817295309754
IT11252,2,0.003871933131339393,0,0.0
IT11403,23,0.8559803556111012,4,0.27503750811184013
IT11406,2,0.0025796200970292465,0,0.0
IT1163,6,0.03291802628257952,3,1.9459755762522981
IT1164,8,0.28196722621225107,14,0.7380822470846831
IT12569,5,0.9722497510231514,4,0.23261035592482507
IT14104,16,1.2706758060274532,17,3.028680767333233
IT14185,1,0.021286085194089192,0,0.0
IT16951,334,19.120767196192478,46,1.4558364627842877
IT16952,89,3.0503619930370687,28,1.5853212350876014
IT17489,41,7.584082273169597,8,0.1010731696483045
IT19159,4,0.13837537468666325,5,2.072965415508385
IT19221,3,0.08938444917804567,4,0.4171132095725247
IT19764,3,0.06292783705623554,5,1.217997940422153
IT19889,3,0.03534258261857514,9,3.249092364197518
IT20350,3,0.27774969978409725,5,1.3749103617817064
IT20359,2,0.36682797688132784,0,0.0
IT20527,3,2.869723562066903,1,0.556423055887501
IT21910,11,1.011465494601652,12,1.9982487839978695
IT21942,8,6.306662432870445,2,0.49531220823422495
IT22272,106,15.370581537212631,22,1.674635952663583
IT22273,9,1.388880522377723,3,0.43571937698835433
IT22351,3,0.40033347240113726,0,0.0
IT22653,232,86.13923478940352,40,1.7635533171564997
IT23189,3,1.2570430012393867,0,0.0
IT23427,2,1.6527151137179528,0,0.0
IT24745,9,5.244329006895557,9,1.9081223064355322
IT24763,2,0.6647249991117987,4,1.2739537986035632
IT24819,15,8.827211367988856,2,0.4569036955805829
IT24850,14,4.88974697679475,3,0.3969181824046684
IT26285,4,3.006826275829817,0,0.0
IT26334,3,1.7821664201535912,0,0.0
IT26653,7,3.212264511132627,6,1.8397595313011454
IT36308,3,0.0007501669546373388,0,0.0
IT4297,1,0.010128137459723671,0,0.0
IT5631,1,0.016197754094751313,0,0.0
IT6104,53,0.04116517074220136,22,1.9494456098337787
IT6105,22,0.054161475804764755,9,1.0645687798237782
IT6160,2,0.0008481900538891969,1,0.6989569882026686
IT6308,7,2.500531252329915,1,0.01078991922629774
IT6310,8,0.0344552865113313,1,0.01078991922629774
IT6342,11,0.18907907565971538,16,1.8508719116237196
IT6358,2,0.0008330524872410434,3,1.2175530306001463
IT6508,11,0.0650446989808154,6,1.6219839674083676
IT7055,2,0.03726737219791866,5,2.4576367167305437
IT8235,2,0.004913942761827116,0,0.0
IT8246,3,0.00323187397645713,1,0.03754938370938004
IT8905,29,0.3797914819865009,13,1.5094565616591031
IT8965,3,0.010228605968678446,0,0.0
IT8967,3,0.0013835740145361818,3,0.5625560267065018
IT8968,4,0.0020167772705077585,13,3.6797707234906247
IT8969,1,0.00457483007578795,0,0.0
IT8972,2,0.0009129535473258172,4,1.4498088608035156
IT8995,2,0.006332942106110415,1,0.43342351978018634
IT8997,10,1.9139773633734003,2,0.1365694887833148
IT9002,14,0.24432194857724254,6,0.71505141786705
IT9003,17,0.4173187378740647,9,0.4515765256703315
IT90147,84,1.6348135155366759,17,0.5557787597697905
IT9022,1,0.0006899453034866528,4,2.3977784248058738
IT9031,2,0.0014228714211650432,4,1.8811297917628302
IT90789,18,2.29476116952705,15,4.891792052217069
IT90927,24,0.007647582337866445,10,1.0399425691402011
IT91164,8,0.05768044919239262,7,0.2236356730739681
IT9146,6,0.009218408984173154,1,0.07073718488509792
IT91526,7,0.0023465330487880964,9,2.5590296291430032
IT9204,8,0.2880001830411475,0,0.0
IT93493,5,0.0009370141457579865,4,0.7851261734152307
IT93504,7,0.010106770598871124,3,0.2914520570303031
IT93522,14,0.016699255620522623,11,1.28536092471289
IT9423,29,0.818044429551064,8,0.4795846578052969
IT9506,2,0.0008909408395219458,0,0.0
IT9512,9,0.01276065962466002,1,0.19156944442271714
IT9513,5,0.0022474289688427726,1,0.09406536832821165
IT97637,2,0.0009396776762344846,1,0.20386759615806188
JBM72,1,0.48992816181227417,0,0.0
JCB15,1,0.9018328370411364,2,2.0
JCB16,1,0.8863999690351015,0,0.0
JCB17,1,0.9018328370411364,2,2.0
JCB18,1,0.9018328370411364,2,2.0
JCC10,2,1.2833966907995917,2,1.340456226740296
JCH43,2,1.6292977339111778,1,0.4971196260620987
JCH44,2,1.2692898612479668,3,1.81936355966916
JDM72,1,0.7777179115676891,0,0.0
JDP63,3,1.4942629611310025,2,0.4202360758471255
JFR66-lampada,1,0.7346023232783804,0,0.0
JFR68-lampada,2,1.4977513043399266,0,0.0
JFR90,2,1.0550306806660783,0,0.0
JFT91-lampada,2,1.4777808849239147,1,0.49250881013504183
JFV02,3,1.4609046913783923,0,0.0
JHD86,1,0.9188524803752247,1,1.0
JHD87,1,0.9964852366146338,0,0.0
JHG25,1,0.7352648741746688,0,0.0
JHG26,1,0.7726778143473717,0,0.0
JHG28,1,0.8355735444630502,0,0.0
JHG29,1,0.9188524803752247,1,1.0
JJB-CCB-M,1,0.00018597853731342932,4,3.0108768915911557
JJB-CCB-VG,1,0.0002213999579419361,0,0.0
JKP71,1,0.8294056736262543,0,0.0
JKP73,1,0.7541368851170137,0,0.0
JL29P100-1,2,0.004278619185643016,5,1.3248557489849828
JL35035,1,0.9623864193085316,0,0.0
JPA41218,1,0.007248794169712908,0,0.0
JPA41237,1,0.00594466364365613,0,0.0
JPA41290-3,1,0.020258865404234657,0,0.0
JPA41290-4,2,0.03754067348683442,2,1.677067744653656
JPA41290-5,2,0.03754067348683442,2,1.677067744653656
JPA41442,1,0.0077278640716425435,0,0.0
JPA41685,1,0.016153617743050606,0,0.0
JPD557,1,0.0019060414802254833,0,0.0
JTMIN-3510,2,0.003717702303756131,0,0.0
JTMIN-35114,3,0.4338896959437394,0,0.0
JTMIN-3557,6,0.009898982965384768,0,0.0
JUN-CAT-2,3,0.001668841637584315,1,0.08713622027136038
JUN-PEN-1,4,0.0018287643515944915,0,0.0
JUN-POL-1,1,0.0006126807956278497,0,0.0
JUN-PUG-1,1,0.000443263226824079,5,2.3175733421171754
JUN-PUP-1-1,2,0.0014266888544321346,0,0.0
JUN-SNO-1,1,0.0016956047204487112,0,0.0
K0888,4,1.3630909856543802,5,0.7445800088896614
K5904,13,0.019784151456703564,25,4.0477053170532065
K7167,2,0.00037650623190283426,4,1.6653953891151247
KA113957,2,0.0034074890705166035,0,0.0
KA113964,1,0.003797477927615175,3,1.5320993504413847
KA114008,1,0.32283167268194723,0,0.0
KL2814-8,2,0.019588972164822634,1,0.48416758218382966
KL999-16B,9,0.030135916727408243,19,4.0997854603342425
KLP366-PI,1,0.2611110315471874,1,1.0
KM2922,3,1.019735822289731,1,0.5702437723757805
KM4258,1,0.7344956774861616,0,0.0
KM4769,2,1.4689813361010335,0,0.0
KM7671,1,0.33237605209027393,0,0.0
KM8029,2,1.237956646145289,0,0.0
KM8174,2,0.8100698172090126,0,0.0
KON161067,1,0.7997633462936736,4,3.173645310556773
KON161753,8,2.319253612711269,6,0.5377295088239554
KON161913,2,0.19121357563625574,0,0.0
KON163825,2,0.10448924753229621,6,1.174910149583907
KON163979,6,4.153561254786434,5,0.8501103030656526
KON164228,1,0.03262803552808958,0,0.0
KON164754,6,2.962636297373428,6,1.3368550854042094
KON164990,1,0.03323488519718399,3,0.7493524486639721
KON165232,4,1.6493182702919293,5,2.519818067692149
KON165423,20,6.3363523963564,13,0.5212194151278782
KON166147,1,0.037932943955415646,0,0.0
KON167526,16,7.662458664113636,11,0.7758235356007328
KON167571,2,0.065117146195528,6,1.2905383494782547
KON168493,2,0.09942778960216578,4,0.8683002124629781
KON168523,1,0.05424985816546709,0,0.0
KON169490,5,0.15391988661074027,6,0.9587991404046854
KON180457,1,0.7997633462936736,4,3.173645310556773
KON180679,1,0.038396340986523926,4,1.9252943337155626
KON180822,6,2.6056404027023983,4,0.32446489327783085
KON181539,1,0.029721402763562044,0,0.0
KON182697,19,1.1267545375214494,6,0.3655441013060478
KON184042,1,0.7935159642781302,3,1.4355429395540265
KON184042-D,3,2.281931946247714,3,1.0884856712108564
KON184264,3,0.6782509633825422,3,0.6019017633775379
KON184776,3,1.5380948107695809,6,2.7331601061213404
KON184776-D,1,0.5895525612173776,0,0.0
KON185032,6,1.1149636775408516,5,0.586710489493504
KON185216,4,0.30278149105818375,3,0.4420271056504917
KON185582,15,7.361611458450227,6,1.1228574665923698
KON186428,12,3.8235395771777347,6,1.0764501497449168
KON341964,10,0.0023753079085077765,3,0.19170546388629528
KON345832,8,0.0014342194770192735,3,0.4392575141611885
KON540817,1,0.00020871863875451376,0,0.0
KON545553,3,0.0011645237017269866,5,1.3598640289110233
KON547359,4,0.0013796383183531445,2,0.4611621141714347
KON548127,20,0.007437720230886637,11,1.0111167189147534
KON548271,1,0.0003574732131445132,2,0.7152526202426891
KON549988,13,0.0027968695469195066,6,0.5163225978791737
KON549988Y,5,0.000935595927389789,2,0.3934239367110729
KON642856,4,0.000908424563446855,4,1.246045849600525
KON643495,6,0.0017702652195831937,4,0.8409802369458994
KON644010,2,0.00030846661860504173,0,0.0
KON644676,9,0.003326592426706109,1,0.010784614996370177
KON647097,2,0.0004097951418337826,0,0.0
KON648087,2,0.0005501142409738061,4,1.2332231448544193
KON648674,9,0.0017880501726964338,5,0.5800446198142613
KON740958,40,0.025113730216358248,15,0.9499298416886449
KON742631,1,0.0004080485233436615,0,0.0
KON742990,1,0.00024021409453737631,3,1.6242021184007092
KON743201,3,0.0008709430812351721,7,1.5733779720146106
KON744758,5,0.001328267211466227,0,0.0
KON744819,2,0.0004367659798337482,5,1.677908923125763
KON746837mm,27,0.008539405366804588,6,0.5274135258064346
KON746837tn,20,0.007118983934041255,9,0.8854101546637155
KON747032,7,0.004328748667191502,3,0.41102813426408574
KON747599,9,0.006327503809554504,7,0.8145340642166446
KON748640,16,0.005263119237322696,4,0.7043128614985947
KON749609,13,0.005331295906637222,11,0.9139980698666288
KON840115,2,0.000892813325868389,5,1.4814265375953553
KON840771,23,0.01907702808860027,9,1.1700358636326893
KON842669,2,0.0008240448057874824,3,1.221486727990167
KON842904,5,0.0025716077268405787,5,1.7926786829173555
KON843376,1,0.0006446746211282959,2,0.7362483630326221
KON843376-d,1,0.0009484004220361538,1,1.0
KON843642,3,0.003391045259387424,5,1.2453044658845305
KON843864,25,0.0166747350118716,5,0.48180413339906075
KON844205-d,1,0.0009484004220361538,1,1.0
KON844922,4,0.0025538274632460694,4,0.9319118229334062
KON845073,3,0.002111776662276016,3,0.3299463862296126
KON845295,2,0.0017093565066662038,2,0.2796259379622711
KON845509,16,0.01580376095184788,13,1.4984796225640606
KON848098,1,0.0093871692488085,6,3.0876644307849945
KON848289,4,0.014578040811003433,9,3.080127354180956
KON848579-o,18,0.025550829528443928,12,1.7026692774079664
KON848579-s,24,0.03451649742859763,7,1.1298689300399005
KON848883,3,0.004777621130309262,0,0.0
KON849293,2,0.003972351542066159,0,0.0
KON849569,7,0.010535952194130506,1,0.19969868391400103
KON849705,1,0.0035516959099805615,1,0.6198690704218938
KON890072,2,0.0006662754817582599,3,1.3095256664467418
KON940280,2,0.021358145793801738,4,2.307504947520007
KON940433,1,0.002026979787512673,3,0.6962594014087793
KON941416,2,0.005111932331446485,2,0.47730666430654317
KON941744,4,0.010267854807253056,2,0.5774742293566357
KON942130,2,0.013477835569762396,6,2.7149093552804975
KON942468,7,0.019298417304666603,2,0.43133258869086805
KON942673,4,0.01267119404828445,1,0.1481130889915157
KON942925,11,0.0329677872134789,2,0.170851133534076
KON943120,3,0.01421511576885006,6,2.415966207472225
KON943427,2,0.00924348713944879,4,1.9680041691714356
KON943663,6,0.07312923854672931,8,1.8492147492843134
KON943953,8,0.03498111606459754,1,0.09364009306918915
KON945605,3,0.6300043709635677,1,0.6011481517782543
KON945940,7,0.05045278218239227,6,1.1911310882085258
KON946558,2,0.010135993906886229,4,1.7495322031415133
KON946855,4,0.040872884347447756,4,0.692870062346642
KON947098,6,1.3985668775168225,9,2.926829542571041
KON947098-D,1,0.03081193944787092,1,0.14842870507093503
KON947562,1,0.006204061767309333,0,0.0
KON947807,5,0.05260148799571273,10,2.371041659339256
KON948040,5,0.047871975389041366,10,2.55679184317004
KON948767,9,0.10504181312642055,10,1.7263239227877034
KON948910,3,0.021980428005662182,3,0.5750344360564876
KON949061,11,2.058528319766282,11,1.9916825272459622
KON949269,4,1.7012182276072256,3,0.7277512923142258
KON949658,12,1.3378390873119783,14,0.7071482831036708
KON949801,16,0.18199048323964498,13,1.93410126799204
KOR20802,1,0.004594952087005122,3,2.628758194340271
KOR26322,2,0.812569495594131,0,0.0
KOR50315,2,1.1889668817566101,9,6.202480123417234
KOR50319,1,0.41118210761598584,4,3.2609699451776084
L67936,1,0.021165385809064734,1,0.33607391816246057
LC27518,1,0.0018909155280181843,1,0.029027953082826335
LD9902A-PB,1,0.8615662566377171,0,0.0
LD9902A-RD,1,0.64603288379089,0,0.0
LEG201340,1,0.00018746137195965062,2,1.7064765067399772
LEG201992,1,0.00019250221261068358,2,0.6328930930609655
LEG202290,1,0.09141705679238134,0,0.0
LEG202322,1,0.0004544493933613742,2,1.1970286757222126
LEG202335,2,0.00012539337012424675,0,0.0
LEG202416,2,0.00010216758508019368,0,0.0
LEG202635,1,0.0004366948381380226,1,0.2196505502987499
LEG202645,2,0.0006793037895974021,2,1.1331560276133432
LEG202660,2,0.0006379843264584799,1,0.592534020606334
LEG202661,2,0.0006646877265186635,5,3.1982435399098663
LEG202677,1,0.0003095198799495358,1,1.0
LEG202707,1,0.0005063540866082786,0,0.0
LEG203120,2,0.00038898240185044914,2,1.0277368520376706
LEG203133,4,0.0007669303894928416,0,0.0
LEG203137,1,0.0001855582164820738,0,0.0
LEG203139,4,0.0007313343337188353,2,0.5975557686181008
LEG203147,4,0.0007627175544993153,0,0.0
LEG203150,4,0.0007360958684028813,1,0.25073372205718913
LEG203157,1,0.0004986321472675118,1,1.0
LEG203158,1,0.0005024679202498287,2,1.5196359741927525
LEG203173,1,0.00051201799682783,1,1.0
LEG203174,1,0.00018465367586847334,0,0.0
LEG203175,2,0.00036369376911232515,2,1.414213513278118
LEG203189,1,0.00017660202453899599,2,1.528959229891662
LEG203192,2,0.00036840632340490236,9,5.995857727931445
LEG203193,3,0.0005605882740146026,1,0.3052946307082422
LEG203194,1,0.00018815599279088018,0,0.0
LEG203195,1,0.00018672449916879154,0,0.0
LEG203197,1,0.00019936758153685997,0,0.0
LEG203199,1,0.00018610103558639192,1,0.6916866890272774
LEG203202,2,0.001076134717813493,8,5.12146289398699
LEG203203,1,0.00018472758782997215,0,0.0
LEG203206,1,0.00045074845689188994,0,0.0
LEG203208,1,0.00018974455546665357,0,0.0
LEG203210,1,0.00020472542373720632,1,1.0
LEG203212,1,0.00020472542373720632,1,1.0
LEG203217,2,0.0006780644907429693,4,1.978944189647595
LEG203220,1,0.0005852552487411066,1,0.7262426382386895
LEG203221,1,0.0004986321472675118,1,1.0
LEG203223,1,0.0004968111489676685,4,2.5212150752102556
LEG203225,1,0.0004771811884123775,5,3.621958974588808
LEG203313,1,0.0004800146720591574,0,0.0
LEG203393,1,0.0004986376014979967,0,0.0
LEG203415,1,0.0004801614148588561,0,0.0
LEG203416,1,0.0004893295058184267,0,0.0
LEG203466,1,0.0004896766995443029,0,0.0
LEG203479,1,0.000480136061719173,4,1.9018021427447387
LEG203507,1,0.0004622639610943157,0,0.0
LEG203508,2,0.0009658840677730643,8,3.679104756609902
LEG203509,1,0.00048803112460390233,0,0.0
LEG203553,1,0.00052663834336015,0,0.0
LEG203581,1,0.0009636355360593514,5,3.446682725636081
LEG203597,1,0.0019719417813025535,1,0.3681133914456674
LEG203667,1,0.004542157001960931,3,2.3690298801038416
LEG203682,1,0.0023662596307411046,0,0.0
LEG203684,1,0.0013363785900490151,1,0.33796092212681494
LEG203687,1,0.0019356336449397678,0,0.0
LEG204119,2,0.6742326571724502,3,1.9803592488754027
LEG204184,1,0.005488550806808828,2,1.016942449018766
LEG204245,1,0.008240274960776789,1,1.0
LEG204246,1,0.008240274960776789,1,1.0
LEG204249,3,0.024469924340871425,3,0.8435120462013566
LEG204294,1,0.30397709030792314,2,1.5455323776117056
LEG204297,1,0.010953905176260494,0,0.0
LEG204436,1,0.007362790994337547,0,0.0
LEG204438,1,0.0031959304886270126,0,0.0
LEG204456,1,0.09315102495322837,1,0.40488983031230974
LEG204457,1,0.1257348712516089,0,0.0
LEG204458,1,0.13122007301730787,0,0.0
LEG204459,2,0.2318280018064233,0,0.0
LEG204462,2,0.2785873624941594,0,0.0
LEG204478,1,0.18479685280648708,0,0.0
LEG204491,1,0.030226080574010706,4,2.2811316232478225
LEG204506,1,0.1268333041706436,0,0.0
LEG204517,1,0.1347528280892058,0,0.0
LEG204528,1,0.7382530748324493,0,0.0
LEG204529,5,3.043185940930382,0,0.0
LEG204552,1,0.011715808168608044,1,0.4406681400589351
LEG204559,1,0.4958680935606864,0,0.0
LEG204563,3,1.3893472385121797,1,0.33731521590021213
LEG204565,1,0.30873612762963154,4,1.9111155101415955
LEG204574,1,0.1236126748627997,0,0.0
LEG204576,1,0.12362508888524906,0,0.0
LEG204589,2,0.174162186407643,0,0.0
LEG204598,1,0.09744688508649384,0,0.0
LEG204651,1,0.12409529354128154,0,0.0
LEG204654,1,0.19121865479496447,0,0.0
LEG204671,1,0.12769868064581005,0,0.0
LEG204672,1,0.12575135970955548,0,0.0
LEG204677,1,0.17322245137026943,0,0.0
LEG204678,1,0.10777061889626291,1,0.8833445324328981
LEG204679,2,0.2135718522754309,0,0.0
LEG204686,2,0.4462652840319846,0,0.0
LEG204687,1,0.018459793249935758,0,0.0
LEG204718,2,0.23615128702327445,0,0.0
LEG204719,2,0.206462312701314,10,5.25766351473142
LEG204721,1,0.12883465946115988,0,0.0
LEG204723,1,0.14384794193870518,0,0.0
LEG204727,1,0.14544920153351149,0,0.0
LEG204729,1,0.08773341420575771,0,0.0
LEG204730,2,0.15418777020346286,0,0.0
LEG204733,1,0.11925119014671878,0,0.0
LEG204750,1,0.638482688172614,0,0.0
LEG299145,1,0.000475425036870966,11,6.84188559950267
LGL-KE149,1,0.00021508916554640846,1,1.0
LGL-KE150,1,0.00021508916554640846,1,1.0
LT-001,3,0.0012057863987198045,2,0.5769750947975926
LT-002,5,0.002292213454335607,15,4.538990764138626
LT-004,5,0.0034315330463558875,5,2.3977915622593335
LT-005,1,0.000572872416809026,0,0.0
LT-006,4,0.03098740778193953,1,0.055405888558462
LT-013,3,0.001865489637758164,7,2.2617061450690903
LT-015,3,0.0023647359132087774,6,3.1663399415011546
LV91391,1,0.11066046941776357,1,1.0
LV91415,2,0.0035806768664241916,7,3.7531107430981776
M4042,1,7.741336098881002e-05,2,1.0712756330272366
MAP015802,2,0.022922480410728946,5,2.0759433505318503
MAP017711,4,0.010327254319478266,12,4.268919737276046
MAP018113-D,1,0.0027859984989154715,4,2.6148244816303676
MAP018113-L,1,0.0027859984989154715,4,2.6148244816303676
MAP026031,2,0.00023633099231328822,0,0.0
MAP027330,1,0.04798459870399699,1,1.0
MAP051111,2,0.001894768845266479,10,4.673810315068144
MAP106711,3,1.2450713561973386,10,4.189633991858569
MAP119001,2,0.00499537863377103,11,4.602240589531222
MAP192611,3,0.32203290766357173,11,4.79608050855284
MAP196100,1,0.00042515645239218095,6,3.41122959292738
MAP224330,2,0.0021450716631519827,4,0.2598893496548797
MAP258500,4,0.7344726065742551,7,0.8556376857785017
MAP279215,2,0.4485823444158029,1,0.6027066219290573
MAP291010,1,0.00213518580037683,7,4.632431747330252
MAP351108,1,0.6607990740851812,8,5.548436792287811
MAP440210,3,0.5011726019524191,0,0.0
MAP447411,1,0.03349949663902523,5,4.4058167761095275
MAP501700,1,0.0819346051095955,10,7.975981965927833
MAP511710,2,0.780658304138809,8,4.866029358160433
MAP593501,1,0.00019108379820112272,1,0.05735126744436966
MAP741817,15,0.733822796412692,28,2.7204468907785846
MAP743547,1,0.5300779499863332,4,3.513991919024344
MAP749155,1,0.0838118601327125,8,4.564225020835849
MAP810010,1,0.0004284792554863501,4,3.232119003906765
MAP811410,1,0.0838118601327125,8,4.564225020835849
MAP811520,1,0.006186327202435391,11,5.260903846289282
MAP812510,8,0.028997345065534107,26,6.581103916250839
MAP813010,2,0.5328287576484904,13,4.3586911097187215
MAP820410,4,0.2101627150816065,1,0.2671851076585513
MAP832053,1,0.4790641024972908,1,0.5702412387539482
MAP832812,1,0.0004284792554863501,4,3.232119003906765
MAP834012,1,0.35585511179556883,0,0.0
MAP834013,2,0.057729881307285666,2,1.1272574964216604
MAP844612,4,0.12288456873301233,16,5.272801709007091
MAP844820,5,0.01250519618760854,6,0.09298256629852893
MAP845001,1,0.12209586140469955,7,5.192255792393703
MAP845432,3,0.000607730083032234,8,0.6318585785791809
MAP845445,1,0.019430624352710004,1,0.8301903687078807
MAP845469,1,0.0712991228807981,3,1.8677036922476378
MAP845720,1,0.00018517873396628698,1,0.6094434437630188
MAP846020,6,0.004095920580077751,18,4.269851333373785
MAP846222,3,0.07260999335435596,9,2.0884047539739443
MAP846710,1,0.0007695344216355407,2,1.7940424397842913
MAP846715,1,0.00047396035935032136,5,3.6050510890513077
MAP846808,3,0.6532579507837545,4,0.07048892493408261
MAP847010,1,0.00013529431604605743,2,0.7712550999050883
MAP847110,3,0.34658206514000733,28,11.963355721810188
MAP851722,2,0.09412061761216393,15,9.559345445527741
MAP851730,3,0.0234195149834755,6,2.4777279725646086
MAP851814,1,0.07431803340787062,12,9.57542112654513
MAP852001,7,0.22317755838814995,23,4.777084162267107
MAP861011,2,0.005911005994516534,4,2.735973276928534
MAP861311,3,0.04829071193603516,11,5.019461135356726
MAP862724,2,0.6689317731914659,1,0.6027066219290573
MAP862746,2,1.1089471283263812,0,0.0
MAP862812,1,0.007228815599360799,4,2.980313913433969
MAP863106,13,0.008669352093144185,26,3.969118955683325
MAP863806,2,0.04953872607366255,1,0.2796560881886107
MAP864010,1,0.0009402552083057126,3,1.6641875330307132
MAP867810,2,0.015360544127487505,1,0.2671851076585513
MAP870011,1,0.00030156300333047606,8,4.770574806879622
MAP870017,1,0.00030156300333047606,8,4.770574806879622
MAP870101,3,0.00032269598417857616,0,0.0
MAP870102,1,0.002603519172413116,2,2.0
MAP870104,1,0.002603519172413116,2,2.0
MAP870303,1,0.738437596324103,1,1.0
MAP870703,1,0.002603519172413116,2,2.0
MAP870801,1,0.005304581582613715,5,3.066210879524153
MAP870803,2,0.08446693141418925,12,5.645757576290725
MAP870903,2,0.057412293904470064,2,1.1683510746342674
MAP871201,1,0.005304581582613715,5,3.066210879524153
MAP871203,1,0.005304581582613715,5,3.066210879524153
MAP871417,2,0.09023057780262962,16,4.692273010729301
MAP876003,1,0.07911649457285024,4,2.8053533431376434
MAP897416,2,0.0008209874366056997,8,3.0855127940840448
MAP899793,1,0.30686085285784237,3,2.2438656191425617
MAP899797,1,0.1271951081100285,0,0.0
MAP907003,4,0.005799802563370629,5,0.32497031227621653
MAP907013,1,0.0025611169676460857,2,1.6558080892954847
MAP907017,1,0.00018540808788357764,0,0.0
MAP907037,1,0.11625612314481093,0,0.0
MAP907039,3,0.03739369177785557,2,0.929515884080824
MAP907057,1,0.12209586140469955,7,5.192255792393703
MAP907100,3,0.5608625863132174,9,0.5189488967738777
MAP907101,1,0.0005805699506248676,1,1.0
MAP907200,1,0.02277645110321953,3,2.2468673204461864
MAP907201,1,0.011998629895854488,2,1.251909237578931
MAP907401,1,0.007468394642708751,3,2.0197633686852114
MAP936010,3,0.05809487545761167,5,1.3167514962207623
MAP969310,2,0.07820561178328946,7,4.635723218684736
MAP969311,1,0.008056350794067949,1,0.05139176029364507
MAR210B,2,0.003616930779182182,3,1.9215102074356663
MARELL2,1,0.0004948483502260406,6,5.9170473046579275
MAX13001432,1,0.47391819800991153,4,3.5049850776328086
MC04rvz,2,1.70869678828281,1,0.37948070959664765
MCF10615-2,1,0.0002857247273930969,1,0.34835781016184697
MCF10616-9,1,0.00044033738717103195,0,0.0
MCF10721-0,1,0.00046414673265889197,0,0.0
MCF10723-4,1,0.00043549050723226223,0,0.0
MCF10725-8,2,0.00230987934798772,6,2.6114792135052562
MCF10727-2,3,0.0021498245645335972,4,1.540950087813484
MCF10731-9,4,0.002765100489926051,1,0.16562323523292227
MCF10732-6,3,0.0027331164604807306,2,0.8963075704930852
MCF10805,4,0.00235448931209377,1,0.34835781016184697
MCF15146,1,0.18598103672703498,0,0.0
MCF15169,3,1.017813781425732,0,0.0
MD0502-100,3,0.203129375959819,5,1.6236750624715506
MD0502-105,3,0.20558319150482868,9,2.3547632894796147
MD0503-01,1,0.4711703947071128,1,0.48993647796664497
MD911,1,0.9974298587826703,0,0.0
MG1139-M,1,0.0033572477646658942,1,0.06364180113454829
MG1139-W,2,0.0038016257973885158,3,0.8576567752545129
MG1233,1,0.0048501097974133515,0,0.0
MG2127,6,0.031527654947262285,6,1.5292519521715826
MH333640,1,0.0004613643122467127,0,0.0
MIN30314,1,0.0018578953377433676,0,0.0
MK0503K-2,2,0.26916741749220363,3,1.3874053369908452
MK2938122-GD,2,0.2560194273865609,0,0.0
MK2938122-SV,2,0.1918636523928898,0,0.0
MKK341664,3,0.9287373760658895,0,0.0
MKO404354,2,0.5494911237641574,0,0.0
MKO672419,3,0.24472989587378668,3,0.8617645478337868
MKR045611,3,0.21110275376074883,3,1.4086799921141264
MKR045611-GN,2,0.5510338012787893,0,0.0
MKR045611-RE,2,0.7026027185366757,1,0.06083226083525895
MM0503-03,2,1.5860169240767286,0,0.0
MRA09000,2,0.00037240182139456636,0,0.0
MS0301Ryabinka,5,0.17206902790007517,2,0.6902982315612015
MS0502-01,10,5.860001355762997,0,0.0
MS0502-M01,2,1.567804501705251,2,1.2113431850661767
MS0502AvdM-05,1,0.8061950478635277,1,0.7170907319667268
MS0502Rya,1,0.7935813612873859,0,0.0
MS0502bw-01,1,0.9778365395217198,3,2.145318320027682
MS0502bw-06,19,8.528416042937987,13,0.44705569170276127
MS0502ry,5,2.4253217546126242,2,0.39852124011148077
MS0503-01,1,0.5066624534638143,2,0.9439936169027743
MS0503-06,3,1.8348741762875374,2,0.7454005628648487
MS0503-18,1,0.5220031170622315,0,0.0
MS0503H,7,2.892674717523737,2,0.638434118281069
MS0503LyPM-04,1,0.024574399907744997,1,0.5628945105133502
MS0503LyPM-07,5,0.0775584095690163,3,0.9459391433646296
MS0503YurG-01,3,0.04351091657264929,2,0.3115167242669782
MS0503a-B-k,3,2.451874645817303,3,1.5875054041191732
MS0503katV-02,2,0.015062036155987106,1,0.4921328457726467
MS0503katV-03,1,0.007933809709151902,2,0.517466086923572
MS0503pahN-05,1,0.031861219128463146,0,0.0
MS0503rojP-09,2,0.19726233173079732,0,0.0
MS0504,6,3.6471825528930157,3,1.360509703321784
MS0504-05,1,0.14317803924026437,0,0.0
MS0504-10,2,1.053233313585602,0,0.0
MS0504-12,1,0.7777847741406244,5,4.806964735520603
MS0504H,4,1.7472725766061987,3,1.3074892102788633
MS07-01,4,1.8977642161133919,0,0.0
MS07-BelP,2,1.5272913916369126,0,0.0
MS07Hohl,1,0.7777847741406244,5,4.806964735520603
MS07K-02,5,2.7818541568353075,0,0.0
MS07pahN-06,2,0.9856827045041313,3,2.140734865177838
MS1350,4,0.05540304254603474,9,3.4567318946502903
MS1758-2443,2,0.025973334150859742,0,0.0
MS2461,1,0.01849492246502967,3,1.8096009780212992
MS2811-2810,1,0.035978256104262946,0,0.0
MS68217012,2,0.5404830310818988,3,1.8934859259745431
MS8519-8520,1,0.013805603460378641,0,0.0
MSE3001A,1,0.06710090837458166,1,0.32780654217431554
MZ0502-02,1,0.1269747583548542,3,1.7068482548974466
MZ0502-05,2,1.00387920640005,3,1.0390199180099253
MZ0502-07,7,2.3164354050862555,8,2.2576150074919425
MZ0502vz-08,3,0.8151536474814278,6,0.3354268301085303
MZ5-01,3,0.5555239725958471,7,0.4256976720533972
MZ5bw-03,3,1.962901209968015,2,1.127165008294499
MZ6-05,1,0.10936928326198479,2,0.5473596066827913
N3242,3,0.13389948178939473,2,0.03963891418489758
N8160,3,0.0008705259304728031,3,0.6549353836720903
NC5474,1,0.0012449360470223809,4,0.8709679143579243
NC5503,1,0.02116311821028976,0,0.0
NC5516,1,0.0013137900664638993,0,0.0
NMR52450,1,0.23614696959166687,0,0.0
NMR62172,2,0.5896486417585969,0,0.0
NMZ0502-02,2,0.723649281378091,0,0.0
NMZ0502-03,3,1.1267683703692264,2,0.2790529844627966
NMZ0502vz-01U,2,0.01319522070816343,2,0.3454575180844528
NORIS122,1,0.6762731879028705,1,0.6308498328142047
NQD-6568-330-RED,5,0.0032400192421835816,0,0.0
NQD-757-4WD12-RED,5,0.0021257524398348724,1,0.4603857647422205
NQD-757C333-RED,2,0.0022079825925218734,0,0.0
NQD4WD06-RED,10,0.12431737697982669,3,0.6803738316223659
NQD7574WD22RED,4,0.006034771037998599,0,0.0
OC00777,3,0.3726971266735579,0,0.0
OC00791,1,0.49892022822045623,0,0.0
OC01424,3,0.6928270012167634,1,0.21706644328015076
OC01486,1,0.018163116958220097,0,0.0
OC03419,4,0.5332657976683726,1,0.20666500827385245
OC04452,2,0.15521780830318327,0,0.0
OC05046,1,0.0883815335737064,5,3.7704152024981235
OC05074,1,0.7984188205448077,1,0.7887419236160823
OC05265,2,0.13897874578175357,1,0.16636843101976362
OC08966,2,0.03304879421283234,0,0.0
OC09645,1,0.5654098067478773,7,6.103342207259433
OC11133,3,0.21278128706165617,0,0.0
OC11621,1,0.05713696058592887,0,0.0
OC11826,1,0.01541026645333202,3,2.426038061825119
OC12451,1,0.25409066503773653,0,0.0
OC13083,2,0.34640117788933583,0,0.0
OC14592,2,0.028853556302546334,0,0.0
OC14899,1,0.10414192879459895,0,0.0
OC15940,1,0.059119715075387595,0,0.0
OC23084,1,0.0819346051095955,10,7.975981965927833
OC30675,2,1.505029510824404,1,0.05878297270118722
OC30712,1,0.3004581080157286,0,0.0
OC34791,1,0.6322987853642967,0,0.0
OC35408,1,0.40404594558291274,0,0.0
OC36104,4,1.0901354006168031,1,0.1646125113173411
OC39366,1,0.871648085710908,0,0.0
OC39472,2,0.14345898585098382,1,0.6992778970220487
OC41717,3,0.3289131104429655,0,0.0
OC41724,7,1.744941085998485,0,0.0
OC44850,1,0.44553826605900926,0,0.0
OC47271,2,0.2966696471057826,0,0.0
OC47360,2,1.3083633914649626,0,0.0
OC51054,2,0.602080334999258,2,0.7583793113980662
OC51835,3,1.1352221717367985,2,1.101744509796164
OC53037,2,0.1734049378909085,8,3.3850280154182886
OC58380,2,0.5357919841502671,0,0.0
OC61543,2,0.1614404693463194,0,0.0
OC62915,1,0.08766633712375184,1,0.516979865094587
OC62984,1,0.3324824954801562,0,0.0
OC63233,2,0.4133521061867567,1,0.13925524690274305
OC63271,2,0.8084134650025628,0,0.0
OC63394,1,0.8227279364555479,0,0.0
OC63417,2,0.21928504895973733,1,0.40699612732792934
OC63714,1,0.30856944913653295,1,0.6329819977941966
OC63988,2,0.2475540592037575,4,1.8316700708772296
OC64407,1,0.3348968835502536,0,0.0
OC64537,1,0.3911613010180879,0,0.0
OC64711,1,0.4101428418671342,0,0.0
OC66043,1,0.08444937092603633,0,0.0
OC66081,2,0.14623634570849448,1,0.40699612732792934
OC66402,3,1.3978990617129923,0,0.0
OC67439,1,0.0775307020794333,1,0.9528480856056952
OC68013,2,0.16657248243609865,0,0.0
OC68471,1,0.1378785327958056,0,0.0
OC68983,1,0.01421553295497111,2,0.18918469686849426
OC69020,1,0.45186212683221877,1,1.0
OC69065,2,0.13513918698305982,0,0.0
OC69140,4,0.45670643894126006,0,0.0
OC70231,1,0.3443114812203235,0,0.0
OC70507,1,0.01584868771929434,0,0.0
OC71306,3,0.32800888165665076,1,0.516979865094587
OC71399,3,0.7701409347629267,1,0.6329819977941966
OC71535,1,0.3201187224012287,0,0.0
OC72778,1,0.08665063279259755,0,0.0
OC72945,1,0.34020428493328214,0,0.0
OC73703,1,0.014280516463133509,0,0.0
OC75332,2,0.24412736490075798,0,0.0
OC75363,3,0.15809542880977379,1,0.2923113620665741
OC76653,1,0.3162574747095035,1,0.49657229888523324
OC77619,2,0.8547391760278461,0,0.0
OC77626,2,0.15825039030730143,1,0.5041589305732184
OC77633,6,3.0521732368393613,0,0.0
OC78487,3,0.31888283055311695,1,0.021507941476842284
OC81371,1,0.3338310294088573,0,0.0
OC81626,3,1.1200316152989984,0,0.0
OC81817,4,1.28255447685586,2,0.9777752847880962
OC81923,2,1.7993236718010046,0,0.0
OC82851,1,0.016633701538700002,0,0.0
OC82943,1,0.059403187581090214,0,0.0
OC83580,1,0.13039532744184526,0,0.0
OC84146,1,0.08200536922550901,0,0.0
OC84907,5,0.7734975064468788,4,1.8110621945093888
OC85683,2,0.16490703422561193,0,0.0
OC87135,4,0.7504967640850028,0,0.0
OC93297,7,3.11245102446993,8,0.8861464601719925
OC96720,5,3.1415056663879293,0,0.0
OC99613,1,0.12408813062902424,0,0.0
OCCR0425,1,0.5849207566629883,0,0.0
OCCR0428,1,0.6695077152332575,0,0.0
ORCH040,1,0.000443263226824079,5,2.3175733421171754
ORCH044,1,0.00045709295526980595,6,4.992859189316193
ORCH203,1,0.00019466555239350548,2,0.2587169249910663
Oo49107,4,0.0027642986339336513,12,2.7852645309825492
Oo49109,6,0.06689110524435148,19,5.822750502169972
Oo49110,6,0.6882622687795569,20,0.7464073574857615
Oo49111,3,0.596755893782191,10,4.43350972091528
Oo49112,14,0.011776834087244909,43,6.232571708933658
Oo49113,1,0.005268798782357762,1,0.1665623010762326
P1602-02,2,0.40192928657128785,1,0.6632320020307949
P60527,1,0.017107042943623862,0,0.0
P70385,3,0.006035125807729893,0,0.0
P70387,10,0.018692620184282187,0,0.0
P9600,1,0.00011924892223087699,2,1.2360897604057803
PAN-12840,1,0.017351540571632542,0,0.0
PAN-12915-S,2,0.30381206660446336,1,0.22230815037085985
PAN-13040-S,2,0.7477876038359041,1,0.4130665181781704
PAN-99377-S,7,3.751532041860644,2,0.6353746685490302
PAX30685,1,0.748839548146502,2,2.0
PAX37506,1,0.00028266283198633945,0,0.0
PBP18953-J,5,0.12414470435734934,1,0.38412908484768915
PBP18953-T,3,0.035075591692845014,1,0.38412908484768915
PBP760021156,1,0.14647575019290385,0,0.0
PCI-2022-EN-TT,1,0.023857410758869768,0,0.0
PH004,1,0.01284922072419366,1,0.025923028531594648
PHCIZU2,1,0.12151762816946944,1,1.0
PK13135,1,0.00012452726487918427,0,0.0
PK47795,4,0.02195164996982228,2,0.7572155173620768
PK47796,7,0.042370424884471763,2,0.5861418539478093
PK47797,1,0.005432841816124777,1,0.49748494845611874
PK47798,1,0.004514328404133337,1,0.3264112850418512
PKW0159,1,0.004393532031776525,0,0.0
PL33044,2,0.004669109453679778,0,0.0
PM10546,1,0.04868715961475957,0,0.0
PM10805,3,0.0005542763332990642,0,0.0
PM4897,1,0.00010287515640839126,0,0.0
PM5159,6,1.1454439958303255,1,0.013960392627401058
PM5167,1,0.0018612440168359807,0,0.0
PM5238,1,8.136351253793787e-05,0,0.0
PM5299,1,7.1832254290236e-05,0,0.0
PM5362,2,0.0001324149493367948,1,0.41851956730343726
PM5536,1,6.530891899857726e-05,0,0.0
PM5648,2,0.0006764528601124715,2,1.1550465565188592
PM6865,1,0.0001383401835993244,1,1.0
PM6920,1,0.03104886078834815,0,0.0
PM70005,1,0.0003095198799495358,1,1.0
PM70014,2,0.0009155657537035268,0,0.0
PM70032,1,0.00045901085899650157,2,1.3695704963426223
PM70036,1,0.00018692990733469385,1,1.0
PM70061,1,0.00048114601154211975,3,0.6436925980827385
PM70062,1,0.01067187680833589,2,1.8671377022696005
PM70082,1,0.00045901085899650157,2,1.3695704963426223
PM70088,2,0.000638196472121736,0,0.0
PM70091,1,0.0005219309136967511,3,1.3378497055944287
PM70098,3,0.9092077284407267,1,0.021843122656503268
PM70108,1,0.00019761017619078538,3,1.063459261751694
PM70125,2,0.003785974659829827,7,1.8077099349778127
PM70179,1,0.001958056155001971,1,1.0
PM70185,1,0.0004884519552193354,1,0.8497519258106171
PM70210,1,0.000475473659531803,1,0.7152351342698031
PM70217,1,0.0004939302856308488,3,2.0445057144599215
PM70225,1,0.0004952429471420683,1,1.0
PM70253,4,0.0007218803348987888,3,1.512850187894281
PM70255,1,0.0001840537977981751,2,1.5049400119890084
PM70256,3,0.026530747927652674,0,0.0
PM70258,1,0.0001840537977981751,2,1.5049400119890084
PM70286,2,0.056089033488812015,2,1.7235526442032358
PM70287,1,0.00045057812182381117,0,0.0
PM70313,2,1.435756602495243,2,1.3963223922314645
PM70317,1,0.008147654686122184,0,0.0
PM70335,1,0.031102459608014325,0,0.0
PM70376,1,0.008070612074649515,1,0.6289835605033531
PM70388,1,0.5577485525637536,0,0.0
PM70412,1,0.00022323851533134458,1,0.013960392627401058
PM70415,1,0.000433330119631174,2,1.6910926301352287
PM70438,1,0.12383233609255918,0,0.0
PM70462,1,0.00044888548509848536,1,0.025606569129749117
PM70466,1,0.00047725342927932435,3,2.851367217971093
PM70468,1,0.0004939302856308488,3,2.0445057144599215
PM70470,3,0.24936419851782227,3,0.13351714337976486
PM70471,1,0.00046078491053263843,1,0.45049684743981594
PM70500,1,0.0019407946359216415,0,0.0
PM70632,1,0.00044730766058229815,0,0.0
PM70641,1,0.0675655306630914,0,0.0
PM70642,1,0.0008116291048175054,2,0.8710494471702336
PM70707,3,2.408144413395056,0,0.0
PM70779,2,0.3692309995499917,2,0.7250690206305542
PM70859,2,0.017331757074541126,0,0.0
PM70885,2,0.05894814455361298,0,0.0
PM70899,4,0.02924109402599589,7,1.8287281695242608
PM70902,1,0.028727140254048374,0,0.0
PM70921,1,0.5072100756031315,0,0.0
PM70932,1,0.17116509127913174,0,0.0
PM70985,1,0.00815902043285081,0,0.0
PM71003,1,0.013361747189775345,0,0.0
PM71233,1,0.03138845019730498,0,0.0
PM71254,2,1.4558779358556257,0,0.0
PM71324,1,0.016627466895148935,1,0.7618509254465408
PM71325,2,0.44857464422875104,0,0.0
PM9057,1,0.00011138273688888499,0,0.0
PM9090,8,2.8051267804467557,0,0.0
PM9122,3,0.0014035973198031526,9,3.7596420222795044
PM9150,1,0.017209422976450426,2,1.3541354893073119
PM9324,1,0.00047396035935032136,5,3.6050510890513077
PM9333,1,0.000283682969998472,0,0.0
PM9340,1,0.0004874169059970855,0,0.0
PM9357,1,0.0001383401835993244,1,1.0
PM9371,1,0.00018601334414995385,0,0.0
PM9383,1,0.00019994013454037148,1,0.7072791958899898
PM9387,2,0.002404491204571893,1,0.942735864075282
PM9389,1,0.00047509287333087104,1,0.3434220286405483
PM9441,1,0.00019574889670864853,2,0.9976079829486335
PM9463,1,0.0007215174591282988,1,1.0
PM9464,1,0.0036320371547047606,1,0.5742414889715113
PM9466,1,0.12451329944481243,0,0.0
PM9519,1,0.0004867109799594597,7,4.400305846362587
PM9524,1,0.0004939302856308488,3,2.0445057144599215
PM9543,1,0.0002731145747589751,0,0.0
POK806513,4,0.0014331431378766955,0,0.0
POK806568-M,3,0.0060620072421977015,3,0.41326299680751305
POK806568-N,1,0.0005591084415433539,0,0.0
POK806858,4,0.0016335556295848236,2,0.6135739652619002
POK807787c,2,0.0005285289393574033,0,0.0
POK807879-m,4,0.0016114458462642713,4,0.9606873918184903
POK807879-s,2,0.000873072021447636,1,0.35394643777714246
POK808173,3,0.16584055869691883,0,0.0
POK808692,1,0.04892927054386672,0,0.0
POK809064,2,0.014165951823331406,2,1.6366139689521981
POK809088-L,1,0.010599556166108453,0,0.0
POK809101,1,0.002682495619498146,0,0.0
POK809163,1,0.007707600794636034,0,0.0
POK809323-C,1,0.007422694821061375,0,0.0
POK850233,3,0.02259543768379279,0,0.0
POK850509,1,0.018102083171717687,1,1.0
POK850516-BU,1,0.009485894200687624,2,1.818306984476099
POK850516-RE,1,0.009485894200687624,2,1.818306984476099
POK850776-P,1,0.006851477785559654,0,0.0
POK850813-S,1,0.006799689166317717,0,0.0
POK850882-D,1,0.013660817263024382,0,0.0
POK850882-Z,1,0.012062649945598473,2,2.0
POK850929,2,0.02480435105270902,2,1.5540750315118093
POK851124,1,0.016372777551517916,0,0.0
POK852398,2,0.19587588649698273,3,1.8194521311192937
POK852534-C,1,0.13411759857777972,1,1.0
POK852572,5,0.34874915892377156,2,0.36312909898921464
POK852589-Q,1,0.13083110613333931,1,0.2981929138602877
POK852732,1,0.10603257613293982,1,0.7357481334591379
POK852756-G,3,0.16670512328196987,6,3.207171591556124
POK852756-L,2,0.1702900226626951,7,2.179609190062501
POK852756-PO,4,0.24175146310387857,6,3.1145113338882013
POK852756-PR,2,0.11211955396895476,6,2.9333130758156583
POK852756-U,4,0.24175146310387857,6,3.1145113338882013
POK852886-K,3,0.24944738360071145,4,1.443001626086215
POK852886-M,2,0.18648038225218588,3,1.1112899037522257
POK852978-M,1,0.17143071438522822,1,0.3413391712318851
POK853142,1,0.030900129320044545,0,0.0
POK853241,1,0.012431642962185423,0,0.0
POK853258,1,0.014976552172495489,2,1.7770375157559046
POK853289-A,1,0.01388136174755188,0,0.0
POK853531-T,1,0.11228150563232062,0,0.0
POK853531-V,1,0.018102083171717687,1,1.0
POK853746,1,0.018672418708204217,3,2.3905132924440036
POK854958,2,0.07630759292138141,0,0.0
POK855917-M,1,0.13411759857777972,1,1.0
POK856037-GF,1,0.08984331036404293,2,1.277396394028203
POK856037-STY,1,0.5369143373009594,0,0.0
POK856037-VK,2,0.2952329219919495,1,0.2474323438393581
POK856099-C,1,0.0925356524574741,1,0.5436692856689025
POK856280-FI,1,0.04451334263882264,1,1.0
POK856280-S,1,0.04451334263882264,1,1.0
POK856921,4,0.3130685880625527,1,0.5436692856689025
POK857126-RM,2,0.22178471508999897,0,0.0
POK857256,12,1.4713512940558184,19,3.0857112724303555
POK857256-D,2,0.3018025181370775,1,0.45290096053089174
POK858697,3,1.5258482437436458,1,0.5724096826840402
POL10528,1,0.00018324763653879904,0,0.0
POL14298,1,0.000696984871295659,1,0.12181507956288072
POL14808,1,0.0001838018625646854,0,0.0
POL15356,1,0.00019670937812125923,0,0.0
POL15357,1,0.0001963874442105467,3,0.7442097755275062
POL15360,2,0.0003778099569974892,4,2.200303154531774
POL15363,1,8.082868412971664e-05,2,2.0
POL15374,1,0.00043671653530052794,7,4.281407464995982
POL1582478,2,0.0005654036158440329,0,0.0
POL16348,1,0.00019865175411024123,2,2.0
POL16363,1,0.00021805343702975617,0,0.0
POL16370,1,0.0001845642340991561,1,0.6996049241307666
POL17175,1,0.00010753435036588952,1,0.6061204158422433
POL17319,2,0.00036829927851045633,2,1.114949567732995
POL18236,1,0.0006041506325018893,2,1.1417108793511168
POL18239,2,0.0003755920078810863,2,1.4129530134799544
POL1825,1,0.0005968976573151482,1,0.38542153209885716
POL18253,1,0.00033489881182930406,2,1.6488722893018883
POL1835,1,0.03879628676986415,0,0.0
POL1839,2,0.031002938368995165,7,3.617607673306398
POL18460,1,0.00018328115128957495,0,0.0
POL199501,1,0.0001847931922248843,0,0.0
POL199532,2,0.00036991844106739203,3,1.7029139181711241
POL20147,1,0.0007695874633374972,3,2.543389016846295
POL20160,1,0.00018813110699248268,0,0.0
POL26162,1,0.0005721314638834815,0,0.0
POL27117,2,0.0003770872337445404,2,1.209669314984242
POL306-24031,1,0.00051105988389659,0,0.0
POL306-DS0986,1,0.00018692990733469385,1,1.0
POL34300,1,0.0006492298412988853,2,1.4877542310689031
POL34323,1,0.00020205688638296777,2,1.2490929611387438
POL34847,1,0.0006041506325018893,2,1.1417108793511168
POL37350,1,0.00019992873430598428,1,0.7104886433229675
POL38801,1,0.0006740387173413186,1,0.034666834455280245
POL38803,1,0.000661581967107976,0,0.0
POL39455,1,0.00018377882821505123,0,0.0
POL60721,1,0.00019616234541847957,1,1.0
POL8015,2,0.07678570098454668,0,0.0
POL90814,1,0.0010192058317332706,1,1.0
POLCF0684,1,0.0009470954991671973,2,0.28550991626796
POLCF0809,1,0.00048797152857973415,4,1.6236190785914597
POLCM-1289000602,3,0.0028437842429949924,4,1.5872072409640132
POLDA-01566,1,0.00045575163908893396,1,0.5297333438269757
POLDA-24008,1,0.0004771811884123775,5,3.621958974588808
POLDA-24009,1,0.00047725342927932435,3,2.851367217971093
POLGTA-14024,1,0.00019766670509939067,0,0.0
POP34538,1,0.0032173791066445264,0,0.0
PP4258HPV2,2,0.003958748131911957,3,1.1216886640963635
PRO85400,2,0.16659849499753707,0,0.0
PRO87019,1,0.00010560602719748829,0,0.0
PUY05000,1,0.00018441547677917246,0,0.0
PWP9-4988-AC,2,0.0010611565469760538,4,1.9707077390021255
PX41010,2,0.00992066760085406,9,4.223961350625734
R7160,1,8.011957661940879e-05,1,0.2339332803762121
RAV14988,2,0.0009052377206690558,0,0.0
REM16297,1,0.3287055385512074,0,0.0
REM16301,4,0.3001700980631595,0,0.0
ROMA103,1,0.7777847741406244,5,4.806964735520603
RX1800-20,4,0.08592357644011492,3,0.41242247908224877
RX1800-4,2,0.0008405585259923163,1,0.3277251647547494
RZR13073630,1,0.11453404894478664,0,0.0
S010256,1,0.005228679457970982,1,1.0
S200318,1,0.0003912144023338233,0,0.0
S200319,5,0.0016202346983412099,1,0.28992373538783783
S230806,2,0.0011328082200146785,0,0.0
S260133,2,0.26884986915450493,3,2.022226683553386
S523413,1,0.0004826425204680427,1,0.5905811262607336
S58397,1,0.00019485776447107487,0,0.0
S58952,2,0.0003915011984744746,0,0.0
S59652,3,0.0005769580759009084,0,0.0
S616331,7,0.0032058270061326955,4,1.2183119891936713
S616341,3,0.005889163660675928,2,0.7405610507760647
S616400,3,0.025369696894365863,1,0.04358261399612189
SAL3405,1,0.07149304074695731,3,1.785717756595254
SAL5405,2,1.7120668813650377,0,0.0
SAL7115,4,2.8258083204407165,0,0.0
SAL7999,1,0.0041647690596784874,2,0.5678989544693499
SAL8130,1,0.03912241287292657,4,2.851087972765599
SC1363,1,0.6542405952913535,0,0.0
SC1376,1,0.001899984763109687,0,0.0
SC2165,3,0.08030527158529885,2,1.6271606744589566
SC593,2,0.0007913240906004822,0,0.0
SI001730,1,0.004843158782063698,0,0.0
SI001752,1,0.00177140026149711,0,0.0
SI001789,2,0.014528331251167788,1,0.14585523609448317
SI001793,3,0.018140976322606087,0,0.0
SI005403,1,0.02988887491510658,0,0.0
SIGR5401,1,0.12411484919750661,0,0.0
SIM6315875810,4,0.0603321701276606,3,1.1112916694235424
SIM6315875811,2,0.05233817319120049,2,0.8740323298181096
SIM6315875812,2,0.07822943219547276,1,0.41357754442599787
SK12874-BK,1,0.019580459171555428,3,1.9121280932336866
SK12874-WH,1,0.020179039536529463,1,0.6437603074425688
SKM0502U,2,0.8880089345457329,1,0.8578322790833616
SLGC20-20B,3,0.9319571450954105,0,0.0
SM6062241,2,0.015177974791954072,0,0.0
SP826-1,1,0.9630082988702415,2,1.4666652053246447
SP826-2,2,1.6491950287231438,2,1.3009776362799998
SST0502U,1,0.8093154977509277,0,0.0
STF1001,1,0.000574710241621952,0,0.0
STW0301U,1,0.5496625845872045,0,0.0
SUS1284,1,0.00025287308865282117,4,1.7058983324598758
SUS1302,1,0.00044056701673593826,1,0.3269923712319733
SUS1303,1,0.0007215174591282988,1,1.0
SUS1379,1,0.00012206301981455954,2,1.7182766412869799
SUS1446,2,0.0010736330398119086,3,1.1858894516177703
SUS1447,5,0.07435814686739194,15,2.7057183398844153
SUS1485,1,0.0004948786324676882,0,0.0
SUS1527,1,0.00047725342927932435,3,2.851367217971093
SUS1536,1,0.00018059895834947153,4,1.9940338709539926
SUS1541,1,0.00025287308865282117,4,1.7058983324598758
SUS1576,1,0.0002005136271574017,2,1.4400188595294705
SUS1578,1,0.00045709295526980595,6,4.992859189316193
SUS1579,1,0.00045709295526980595,6,4.992859189316193
SUS1581,1,0.00021111782606269742,5,5.0
SUS1582,1,0.0002005136271574017,2,1.4400188595294705
SUS1583,1,0.00021111782606269742,5,5.0
SUS1584,1,0.00021111782606269742,5,5.0
SUS1597,1,0.0009636355360593514,5,3.446682725636081
SUS1643,1,0.00018763695832971764,1,1.0
SUS1644,1,0.00018763695832971764,1,1.0
SUS1650,2,0.0006876290270610386,6,1.890980329965307
SUS1652,1,0.00018194271684762994,1,0.7072930773056765
SUS1653,1,0.0011208112297586437,1,0.285225829564407
SUS1706,1,0.007221974263278262,1,1.0
SUS1730,1,0.00048023125892458784,3,1.2483519087078268
SUS1739,1,0.0001831434925351017,1,1.0
SUS1740,1,0.00018492411348360453,1,0.40845474638405976
SUS1746,1,0.00018059895834947153,4,1.9940338709539926
SUS1749,1,0.0007539907387178654,2,1.1123663303686273
SUS1754,1,0.0004941040076403445,3,2.724749154031528
SUS1756,2,0.000997582069994978,6,2.2085634490391275
SUS1765,1,0.00018127110541149498,4,1.8008399732378984
SUS1770,1,0.0003062547545017505,3,1.5521280891906986
SUS1778,1,0.0004893175973098557,4,1.636524165138275
SUS1783,1,0.0003062547545017505,3,1.5521280891906986
SUS1784,1,0.00018544224215496602,1,0.44738313801742335
SUS1792,1,0.0005082800129036768,4,3.814878320246381
SUS1793,1,0.00017997635504413752,4,2.834177054504303
SUS1797,1,0.0019593022275480373,1,0.44887763744050363
SUS1804,1,0.0003056941374505783,3,2.360936013570595
SUS1806,1,0.0003056941374505783,3,2.360936013570595
SUS1813,1,0.00018095546200141648,6,2.2736439859518347
SUS1833,2,0.0014414174106100425,2,0.3594539239383153
SUS1864,1,0.0008216185974245432,6,3.193713741610524
SUS1868,1,0.0006996369099583594,1,0.18229845681884313
SUS1870,1,0.0007432757694599492,1,0.5253349215818622
SUS1879,1,0.00045709295526980595,6,4.992859189316193
SUS1924,2,0.0009406822347702928,6,2.533365066537647
SUS1925,1,0.0004912262398806943,0,0.0
SUS1930,1,0.0027105065741239486,1,1.0
SUS1931,1,0.00043241033715540043,2,1.196365303344992
SUS1932,1,0.0004732653984216861,2,2.0
SUS1933,2,0.0023322520484245182,8,3.220125256498012
SUS1934,1,0.0010696786737279466,2,1.0587600142166715
SUS1935,1,0.0004732653984216861,2,2.0
SUS1937,1,0.00043874809139706687,2,1.7494394577230366
SUS1938,1,0.00044762181372899883,5,4.19495812659677
SUS1940,1,0.0006298754364976924,2,1.7600423797261522
SUS1943,1,0.0632399455215257,0,0.0
SUS1945,1,0.007562101295715152,3,2.535106116271784
SUS1946,2,0.0009541926599140079,10,4.822297254003656
SUS1947,1,0.007221974263278262,1,1.0
SUS1948,1,0.0007792402637232724,4,2.557683848116202
SUS1949,1,0.0007792402637232724,4,2.557683848116202
SUS1950,1,0.0007792402637232724,4,2.557683848116202
SUS1952,4,0.0018748410880008223,14,4.652654833417663
SUS1964,1,0.0007695344216355407,2,1.7940424397842913
SUS1966,1,0.0018419528006944652,5,4.3408714866839
SUS1967,1,0.001168275377160176,2,1.168464210578077
SUS1973,1,0.0006972193823154662,3,2.1852266569549106
SUS1987,1,0.004617318633659957,0,0.0
SUS1990,1,0.0007937873507479938,6,2.767658097260351
SUS1995,1,0.0036878296484431877,3,2.9464874565094905
SUS1998,1,0.0017126539592056688,5,1.2793038547486062
SUS2002,1,0.008630882105252953,4,3.1069942224466023
SUS2003,2,0.08296798268354398,7,4.436768588929472
SUS2005,1,0.016182521964469045,11,9.969610592130207
SUS2006,1,0.016182521964469045,11,9.969610592130207
SUS2016,1,0.007525229726539054,4,3.261505724839142
SUS2038,1,0.046267405503119766,4,2.7752972480477833
SUS2050,1,0.0017798933046386037,2,1.6574511030832595
SUS2055,1,0.0007193714764629081,15,10.65553473536184
SUS2058,1,0.0019114526966079017,5,3.4731588605720596
SUS2059,2,0.009140268295968701,9,4.585321256724871
SUS2069,1,0.036790097633995995,2,2.0
SUS2071,1,0.13983767228065702,8,6.142110569238839
SUS2074,1,0.0019114526966079017,5,3.4731588605720596
SUS2077,1,0.0019114526966079017,5,3.4731588605720596
SUS2078,1,0.01217934588104258,1,1.0
SUS2080,1,0.08297136071853871,0,0.0
SUS2089,1,0.007468394642708751,3,2.0197633686852114
SUS2112,1,0.005454412798111878,7,6.218271175858709
SUS2113,1,0.005454412798111878,7,6.218271175858709
SUS2114,1,0.010531838732811185,5,4.154668061668898
SUS2115,2,0.006951421812355719,8,3.0625756591284548
SUS2116,1,0.0022022454538091147,6,3.2364034845054843
SUS2117,1,0.004749176358546605,2,1.0302281821519816
SUS2122,1,0.007525229726539054,4,3.261505724839142
SUS2123,1,0.008630882105252953,4,3.1069942224466023
SUS2137,1,0.005813136596677785,1,0.5811976558026937
SUS2152,1,0.1176408865942483,2,1.0142117251684426
SUS2154,1,0.048209363610348596,1,1.0
SUS2155,1,0.017354178871429808,1,0.11166039554267224
SUS2166,1,0.034760459353898265,4,4.0
SUS2176,1,0.06410614190372896,1,0.54241002638934
SUS2177,1,0.034760459353898265,4,4.0
SUS2180,1,0.11329192709877596,4,2.4986896434361268
SUS2207,1,0.016182521964469045,11,9.969610592130207
SUS2226,1,0.012624397563070223,3,1.5030469948572778
SUS2231,1,0.012325533796646318,1,1.0
SUS2232,1,0.04786151539953348,5,3.4753193869626613
SUS2234,1,0.05424204678525448,8,5.029230047575352
SUS2235,1,0.008630882105252953,4,3.1069942224466023
SUS2236,1,0.05424204678525448,8,5.029230047575352
SUS2244,1,0.046785225210021264,1,0.7027087940126115
SUS2245,3,0.9850419514879809,15,7.819800322245099
SUS2254,1,0.009031854925170302,5,2.454590920541992
SUS2258,1,0.016902224114537293,0,0.0
SUS2264,1,0.05220168305719904,6,5.541894935738977
SUS2298,1,0.034760459353898265,4,4.0
SUS2309,1,0.048209363610348596,1,1.0
SUS2316,1,0.02198951224365981,4,3.410297373614808
SUS2318,1,0.9013624726435319,4,3.823274953812744
SUS2319,2,0.37786895668655296,6,3.4292957019460957
SUS2324,1,0.06695457157804129,7,6.314411700851829
SUS2325,2,0.17838160287286492,11,6.789487250196395
SUS2333,2,0.10937294256646744,4,1.4537702810653583
SUS2347,1,0.009287469154325302,4,3.4081683542639656
SUS2348,1,0.009287469154325302,4,3.4081683542639656
SUS2349,1,0.11142703129482365,4,3.1858411610943946
SUS2376,1,0.08934183091795218,0,0.0
SUS2386,1,0.05378195570028672,1,0.4771476067524639
SUS2387,1,0.054429187526494706,3,2.0766652553285425
SUS2412,2,0.4570403510670805,7,4.905820079905909
SUS2413,2,0.7527609179431014,9,6.2133315351111875
SUS2415,1,0.16804042494493565,2,0.9601293460792708
SUS2418,1,0.056123452566216495,1,0.27193162437987173
SUS2419,1,0.20663817625504502,2,1.672400469128549
SUS2421,1,0.05705857030054004,4,3.9709026005056867
SUS2442,3,0.5939143260856131,5,1.8603608262736882
SUS2443,3,0.5905410336894118,6,3.2621322199453617
SUS2444,1,0.06695457157804129,7,6.314411700851829
SUS2445,1,0.05424204678525448,8,5.029230047575352
SUS2457,1,0.4718370741350394,0,0.0
SUS2476,1,0.7102787087714915,0,0.0
SUS2479,1,0.10947641806582188,3,3.0
SUS2482,1,0.2451935489381267,4,3.340955317436817
SUS2483,1,0.9013624726435319,4,3.823274953812744
SUS2494,1,0.11601514328593637,3,2.6125383176180077
SUS2498,1,0.10611147781213424,5,3.491146819737631
SUS2499,1,0.10611147781213424,5,3.491146819737631
SUS2509,1,0.11601514328593637,3,2.6125383176180077
SUS2528,1,0.3394427126693615,6,5.9855861073224625
SUS2630,1,0.12293253272663782,13,8.554700339814392
SUS2634,1,0.11329192709877596,4,2.4986896434361268
SUSG-1011-2,1,0.00019095979848896138,3,1.5334635105109864
SUSG-259-2,1,0.00046502361561994284,1,1.0
SUSG-363-1,2,0.003758798855688646,6,2.5726289561055307
SUSG-363-2,2,0.0017311234413100954,3,0.57578361078626
SUSG-470,2,0.0009380444505794408,6,2.499926993161944
SUSG-548-2,1,0.001942336783748656,4,3.1893725480019466
SUSG-718-4,2,0.00036840632340490236,9,5.995857727931445
SW-FF-B,1,0.0003978279722548225,2,1.0668353356831177
SW-FL-SO,1,0.0003978279722548225,2,1.0668353356831177
SW-FL-SV,1,0.005268712219589379,14,11.456065223478369
SW-FL-SY,2,0.0890600734271267,2,0.13367067136623556
SW-PT-FB,1,0.06260165745496896,11,8.878776301862322
SW-PT-FBN,1,0.335112758893146,4,3.8248979379106753
SW-PT-FGD,2,0.397714416348115,15,7.348238206345484
SW-PT-FL,1,0.06260165745496896,11,8.878776301862322
SW-PT-FLG,1,0.06260165745496896,11,8.878776301862322
SW-PT-FML,1,0.06260165745496896,11,8.878776301862322
SW-PT-FMV,2,0.9710609111260584,21,11.432625627450756
SW-PT-FPL,1,0.06260165745496896,11,8.878776301862322
SW-PT-FPO,2,0.40660579964010335,7,4.548335007717914
SW-PT-FR,1,0.06260165745496896,11,8.878776301862322
SW-PT-FV,1,0.06260165745496896,11,8.878776301862322
SW-PT-FW,3,0.406085777350324,14,4.717349645480533
SW-PT-FY,1,0.06260165745496896,11,8.878776301862322
SW-PT-MW,2,0.08967932356522415,12,7.758266695617082
SW-PTF-C6,1,0.335112758893146,4,3.8248979379106753
SW-PTF-F6,1,0.015234177907773025,1,1.0
SW-PTM-C6,1,0.08533238635438178,0,0.0
SX.20.180.0003,1,0.0019359704799918347,3,0.5343416932631384
SX.20.250.0067,1,0.0019816632131192846,0,0.0
SX.20.250.0068,1,0.001855407568334346,0,0.0
SX.20.280.0001,2,0.49130065632978337,0,0.0
SX.20.290.0138,1,0.0007990441873353698,1,0.6164895694207723
SX.20.290.0139,1,0.0020311097181720246,1,0.7605876604435354
SX.20.290.0140,1,0.007145519068152775,16,12.198788792765292
SX.20.300.0010,5,1.0214130963399266,1,0.39228107470532925
SX.20.300.0011,2,1.31523846136341,0,0.0
SX.20.300.0022,4,0.2008811788080602,6,1.0085527856486198
SX.20.300.0024,1,0.0007612783397914301,1,0.733001455186656
SX.20.300.0025,2,0.0015700876929192519,1,0.3667637284484032
SX.20.300.0036,3,0.0022390447943799524,6,1.797096678267741
SX.20.300.0037,2,0.006908417071184429,2,0.17340404106789772
SX.20.315.0011,2,0.5076701634564303,0,0.0
SX22SW- RED,1,0.0003354881980980891,0,0.0
T7580,3,0.0008820162352394909,0,0.0
T8233,3,0.08564955208947256,3,0.9835044694900774
TB120314,2,0.003222525611792383,0,0.0
TB120332,1,0.0018902836670179886,1,0.41279175847563465
TB120360,5,0.009051352261622637,4,1.3817230888337695
TB120372,2,0.00107213706153056,2,1.0557012106900618
TB120379,4,0.0038476033596565725,11,3.9390830179468836
TB120390,2,0.0018696511368564057,5,3.0498604274824137
TB120392,5,0.01988557714178748,12,2.780439320125023
TB120471,4,0.00629635081121981,6,1.779734741358179
TB130908,1,0.0004867109799594597,7,4.400305846362587
TB130909,1,0.0004038570670113381,1,1.0
TB130911,1,0.0004629040477866421,2,1.124114439432581
TGMOB0000,1,0.0466073839453562,0,0.0
TH632,1,0.1835445387786931,0,0.0
TH633,2,0.23870596836154806,1,0.7124815624521625
TKC291,1,0.00012351234990279851,4,2.054442054953281
TKC463,3,0.0002214357994447435,0,0.0
TL143,1,0.0001818620418048856,0,0.0
TM-CPW205,1,0.0056806850320449435,1,0.2665831392132175
TM-F11,1,0.004603545472236831,0,0.0
TM-P40,1,0.4151410165583051,4,1.8244624125988043
TM-V36,1,0.4160137946442914,3,1.2172062861810495
TPC-T03B,4,0.0015434578289330752,7,2.384887322141086
TT02412Z-RE,2,0.015849884300558635,6,2.582422061248663
TT02412Z-YE,1,0.007994231940996913,1,0.7101912612389837
UDG010591,6,0.06830227146332535,10,2.265523779533079
UGD010001,3,0.06662942352158123,4,1.160154032193336
UGD010038,3,0.7071153962743701,0,0.0
UGD010049,2,0.4155064715257718,8,1.8030032915728278
UGD010069,51,0.5369158674242496,51,3.0396337452795628
UGD010070,5,0.0017294723044472804,8,1.631619365996857
UGD010161,2,0.438149651880384,4,2.7631244080474224
UGD010163,1,0.9261162993598939,0,0.0
UGD010170,1,0.05358987378569816,0,0.0
UGD010175,1,0.012062649945598473,2,2.0
UGD010249,4,0.288243604826429,5,1.02886584767715
UGD010250,2,0.0214901275807943,9,2.0179295994895052
UGD010251,1,0.005039157781198802,5,3.674210477374386
UGD010253,2,0.033880369842507536,7,3.017217820958159
UGD010255,1,0.01855964745145079,4,2.3795197188207995
UGD010256,6,0.23895665959886575,17,2.00961302827982
UGD010258,3,0.03753506573124111,12,3.7064504623835384
UGD010259,4,0.07966533606495192,11,3.562824335711707
UGD010260,3,0.06021481910216399,9,2.8267812555727554
UGD010370,1,0.6667109868480311,0,0.0
UGD010568,1,0.005039157781198802,5,3.674210477374386
UGD010572,1,0.005039157781198802,5,3.674210477374386
UGD010575,1,0.012058509485046949,1,0.42017406395728196
UGD010583,1,0.005039157781198802,5,3.674210477374386
UGD010584,1,0.014507193530677169,5,1.8103318574625695
UGD010586,1,0.021548600577849884,1,0.8058004661937949
UGD010588,1,0.003930947560466416,3,1.8700289025887846
UGD010592,6,0.006912240387950984,6,1.2240955480557187
UGD010593,8,0.011791765067204259,14,3.066871093582838
UGD010594,1,0.0008387911644652762,1,0.34835135721154187
UGD010595,2,0.003127143764065223,4,0.9554994136891894
UGD010596,3,0.033186697947823494,10,3.0584063436790174
UGD010597,6,0.003316466240559592,6,1.0798042220068382
UGD010598,3,0.008461283487241988,6,0.6977352257955299
UGD010602,5,0.005655736143492935,8,1.6386798455798304
UGD010603,3,0.024618403984878856,10,2.197436248623939
UGD010605,5,0.6860556730260816,6,2.9892270959905374
UGD010610,2,0.018007706032125495,7,2.776695517007907
UGD010629,1,0.003930947560466416,3,1.8700289025887846
UGD010793,3,0.63568318520711,8,2.899462563929154
UGD010805,1,0.012062649945598473,2,2.0
UGD010819,1,0.010389753926407395,3,1.5227286245268528
UGD010894,1,0.003178757319089763,0,0.0
UGD010915,3,0.26458395078094327,0,0.0
UGD010917,1,0.008258271954627808,2,1.1195528656903453
UGD011032,1,0.025471903298567543,1,0.1926863804404241
UGD011050,4,0.9673900663471862,0,0.0
UGD011051,4,0.0916478418818239,2,0.07245505841081226
UGD011054,1,0.002736110442197289,2,0.447921638167499
UGD011094,1,0.010389753926407395,3,1.5227286245268528
UGD011175,4,1.4086086898394847,10,2.2722971163677332
UGD011177,1,0.032057330616119005,1,0.11756811557676168
UGD011179,1,0.05600423196045715,0,0.0
UGD011302,2,0.07736392198809902,0,0.0
UGD011336,1,0.014976552172495489,2,1.7770375157559046
UGD011370,1,0.6634194111505218,0,0.0
UGDP010078,1,0.14103004524599713,0,0.0
UHU11846,2,1.0527776842412107,4,2.1399711221194138
UL5078,3,1.369555831745076,0,0.0
UL5087,3,1.4715677939220781,1,0.33731521590021213
UL9501,1,0.5028360753222222,0,0.0
UL9521,4,1.8510692485086215,2,1.2502294480731044
UL9536,2,0.9898035283584072,2,1.4409715976410298
UL9538,1,0.8896990204655495,0,0.0
UL9542,1,0.4985751536719171,2,1.228710182782676
UL9546,1,0.8061674243588502,0,0.0
UL9547,3,1.8441022570305594,0,0.0
UND13553,1,0.0001521066757586156,0,0.0
UP-81366,1,0.0003129472432268623,0,0.0
V9364,2,0.000920073422686889,2,1.1060475378634607
VB230-3183,3,1.6993004982920907,1,0.6308498328142047
VEN2080,1,0.008805139655151293,0,0.0
VEN8120,1,0.23163533368955286,0,0.0
W2087,5,0.01117866409067178,22,10.9158334051881
W40652-E,1,0.029499478951318787,1,0.29697407696951206
W4472,3,0.018880090996499673,6,2.0484664426165384
WF-07118-NL,3,0.7383059374302583,4,2.029880469832335
WF-0740-NL,3,0.6244435240490855,2,0.5604621614590326
WF-0765-NL,2,0.8287799384678675,6,2.988534925639696
WIMO47124,1,0.007201871560836892,0,0.0
WL-2010B,4,0.001529538667978556,0,0.0
WT25520,2,0.007978138522241142,7,3.797291189661474
WT35520,3,0.04590190462471791,0,0.0
WT75520,2,0.1331339659691891,0,0.0
WWEPDQ01,4,0.024431883892191822,0,0.0
X15W- BLK,2,0.0037996499762771333,0,0.0
X20-WHT,3,0.0018984294587471387,0,0.0
X20W-WHT,2,0.0007665541518522462,0,0.0
X22SW-WHT,2,0.004005706065005541,0,0.0
X26,2,0.0014476553672438466,0,0.0
X8166,2,0.0038034591478391775,2,0.930474305826
Y1573,2,0.0003725518034204059,2,1.4908992711921258
Y4713,1,8.803003629883787e-05,0,0.0
Y6586,3,0.00040836872695589055,1,0.526577207814871
Y6979,6,0.0011282584318065179,7,0.7378183268414288
Y9600,8,0.01677991881440297,26,9.837706259149304
Y9600-lampada,2,0.0058073192218179095,0,0.0
Y9672,5,0.0026932547365346752,10,3.0053342924377215
YGOT04022024,3,0.10978539732339296,0,0.0
YGOT04022024-1,6,0.2471688845405899,0,0.0
YGOT04022024-1-2,6,0.2546778472511418,0,0.0
YGOT17122023,6,0.18449182154489538,0,0.0
Z163221,2,0.03392107307463915,3,1.0846131306469609
leg11732,2,0.4931511769787278,0,0.0
lr01778,1,0.00021734970410596495,0,0.0
lr03498,3,0.33741452237580966,1,0.0520862205680847
lr03927,7,0.002981742764879931,20,3.7634136088946013
lr05313,2,0.03329585430837882,0,0.0
lr07223,1,0.0001826205549844079,1,0.5029701639162645
lr08917,1,0.00738552213164857,4,2.3896390699377466
lr08951,12,0.0469700740677613,14,1.0589070000482081
lr09353,1,0.3944115717503219,0,0.0
lr10044,1,0.9873291567036863,2,2.0
lr10074,5,0.48526302382176184,8,1.7555504765077774
lr10119,5,0.1739981401134753,11,0.12169385039740617
lr10126,1,0.0017534086223257319,2,0.8495464682961086
lr10151,1,4.777708394986642e-05,3,2.4799774710708262
lr10167,3,0.0028898963333125077,0,0.0
lr10222,2,0.004116623282547457,3,2.839462369528471
lr10233,1,0.0029374942573980583,0,0.0
lr1024,2,0.00028251677175417393,2,0.1153302905360665
lr10296,3,0.003966806659783076,12,5.55028665640128
lr10320,1,0.00020123551838397075,2,0.28460617886621226
lr10324,1,0.00045457697813043845,0,0.0
lr10435,2,0.0025118495366092232,10,2.4484070677906304
lr10436,2,0.015726103459408412,0,0.0
lr10525,3,0.36063488802850346,3,0.22793193386936575
lr10591,5,0.8887383109927934,14,0.7658844253989366
lr10619,12,0.020058090267145175,10,1.5575764522040918
lr10620,6,0.003988014322684478,6,0.08941426567080886
lr10621,5,0.0051847763677306605,7,2.579886634277671
lr10627,2,0.0010830911729746617,6,2.8940072943840143
lr10721,2,0.0012665826800651104,0,0.0
lr10725,1,0.002700073677580593,0,0.0
lr10731,3,0.01130355133341154,4,0.9816484366292382
lr10742,2,0.03850205872943575,0,0.0
lr10864,1,0.00016274502583911958,0,0.0
lr10892,3,0.01121908644517817,4,0.31640877832095804
lr10944,4,0.415000780087532,8,2.742781279802444
lr11043,4,0.08172957508711576,5,1.4752451369272017
lr11054,1,0.0005612939719287012,0,0.0
lr11060,2,0.7258820141718546,2,0.015504558334441048
lr11071,1,0.000722974229105999,0,0.0
lr11091,1,0.12117430518957578,1,0.7124815624521625
lr11095,1,0.4614409680351977,1,1.0
lr11099,3,0.011789424269643828,5,2.1870973027014573
lr11114,2,0.0027554477743276357,1,0.40590087327162505
lr11117,1,0.0007320559386421576,0,0.0
lr11209,7,0.010630381057096029,0,0.0
lr11211,4,0.1305800590956481,20,3.2331740036815044
lr11274,7,0.24009284950953372,3,0.924753116563687
lr11281,3,0.0029355969854398607,2,0.3730232398895976
lr11357,2,0.0031937714118845635,5,1.8077993573089484
lr11358,1,0.0004501487096512514,0,0.0
lr11376,3,0.014317432544384518,0,0.0
lr11462,3,0.19626692257935152,1,0.048814006942627004
lr11470,5,0.2961822020140226,10,0.6891212800523343
lr11472,1,0.6156333234560255,0,0.0
lr11495,2,0.0012295601125316908,6,2.3291010438866895
lr11541,2,0.0017269733107618428,7,2.585061672552585
lr11589,1,0.009684928797704382,0,0.0
lr11608,1,0.004119076813499652,0,0.0
lr11700,1,0.0005659942231601015,0,0.0
lr11721,4,0.009048670463881019,0,0.0
lr11722,2,0.001031602837220045,4,1.589214563685374
lr11723,8,0.021075662118001867,11,3.219314447002612
lr11724,3,0.25821941549954497,2,0.7532763765449397
lr11726,2,0.003779467211927059,2,0.789591707588557
lr11727,1,0.0007177023085596764,1,0.028956113657350072
lr11737,3,0.030035867241444025,3,0.33695852798233206
lr11777,2,0.06553278436010802,1,0.7221963435849127
lr11782,1,0.6531373588347721,0,0.0
lr11809,1,0.002894349666011511,0,0.0
lr11873,1,0.0012878324138813548,0,0.0
lr11874,2,0.8994389209768985,1,0.031100539354686003
lr11881,4,0.1422449537258696,2,0.26745221584614276
lr11910,4,0.18991452819831653,4,0.961860657229951
lr11959,2,0.01101440771226309,2,0.703455942301323
lr12015,7,0.029265351518213863,13,1.6501721563410863
lr12212,2,0.22649317033985786,0,0.0
lr12213,1,0.5006408954707864,0,0.0
lr12215,2,0.4524588610439272,0,0.0
lr12224,4,1.2574797399192716,0,0.0
lr12226,2,0.018480043708703826,6,1.964140358386347
lr12277,1,0.01721879908742037,0,0.0
lr12399,1,0.014137463381614139,0,0.0
lr1250,1,0.0004764823630173637,3,1.4379436417660696
lr1577,1,0.0019704979171603133,1,0.2559284496130773
lr1828,2,0.0006884279918174754,5,1.1676100262004008
lr1890,2,0.00034998217544078954,0,0.0
lr1998,3,0.0005937250302351636,3,0.48752897011181706
lr2459,1,0.0007754035841938628,2,0.7758391925439522
lr2679,1,0.0001979095090356489,0,0.0
lr2862,1,0.0023150428012840927,6,2.467009107871008
lr2955,3,0.0011869811600879812,0,0.0
lr3315,3,0.21803574565338663,5,2.646432267550909
lr3460,2,0.01742302605494861,0,0.0
lr3481,1,0.00017433223696510856,0,0.0
lr3494,1,0.008668318437489156,0,0.0
lr4146,2,0.0009305755844507164,0,0.0
lr4220,1,0.012365247921207734,0,0.0
lr5309,1,0.00018385283420382613,5,1.9827898839305695
lr5315,9,0.4288824029048415,5,0.8638364934812577
lr5317,1,0.00014061359341647133,0,0.0
lr5833,2,0.0006461947243628748,3,1.2921836355569936
lr5899,2,0.002784924682646335,4,3.0411881105285876
lr6382,1,7.76251972009358e-05,0,0.0
lr7027,18,0.27823084484022054,13,2.4361353645252044
lr7565,2,0.10655040705655959,9,3.719833872193109
lr7995,4,0.003686476418019483,9,1.1562384586290948
lr8172,4,0.036943216088043525,6,1.8130384835137854
ΒΑΣΙΛ/Μ003,2,0.030795201415146443,5,3.1812818611326183
ΒΚΜ04743,2,0.8262602980128397,1,0.8578322790833616
ΒΚΜ06703,1,0.06695457157804129,7,6.314411700851829
ΒΚΜ07010,2,0.001151390758603635,2,1.1762332343919972
ΒΚΜ07496,1,0.0004801732692819621,0,0.0
ΒΚΜ08128,1,0.028103909723866703,1,0.3107847090417029
ΒΚΜ08345,1,0.006520109216964065,5,3.9941521552374835
ΒΚΜ09056,1,0.0004932551408289199,0,0.0
ΒΚΜ09073,1,0.0030771115411291155,2,1.0099539085051359
ΒΚΜ09105,1,0.0004948483502260406,6,5.9170473046579275
ΒΚΜ09830,2,0.0007085780818474295,10,4.044963676335258
ΒΚΜ09831,1,0.0017798933046386037,2,1.6574511030832595
ΒΚΜ10221,1,0.0007193714764629081,15,10.65553473536184
ΒΚΜ10222,1,0.005433623243202521,1,1.0
ΒΚΜ10226,1,0.029897006048241775,2,0.9337010796528994
ΒΚΜ10566,1,0.007773711878333174,0,0.0
ΒΚΜ11103,1,0.0007193714764629081,15,10.65553473536184
ΒΚΜ11315,1,0.034760459353898265,4,4.0
ΒΚΜ11503,1,0.006522847126625128,3,3.0
ΒΚΜ11513,2,0.0009757633319724783,2,1.379697960099137
ΒΚΜ11514,1,0.0018233253141099017,6,1.833845188767736
ΒΚΜ11714,1,0.001168275377160176,2,1.168464210578077
ΒΚΜ11830,1,0.0010192058317332706,1,1.0
ΒΚΜ11936,1,0.006923841125094169,6,5.56936812394245
ΒΚΜ11946,1,0.00044762181372899883,5,4.19495812659677
ΒΚΜ11948,2,0.007192795215926674,1,0.08259314468394019
ΒΚΜ11949,1,0.005433623243202521,1,1.0
ΒΚΜ11950,1,0.0007267753875401581,4,1.3312347530669733
ΒΚΜ11985,1,0.0007193714764629081,15,10.65553473536184
ΒΚΜ12031,1,0.0004492821324300559,3,1.032270052671398
ΒΚΜ12066,1,0.0004941040076403445,3,2.724749154031528
ΒΚΜ12069,1,0.003580900418204687,7,5.337937894488026
ΒΚΜ12157,1,0.009039635574203219,5,4.306860040331108
ΒΚΜ12179,2,0.0006848851514918242,8,2.635009565112045
ΒΚΜ12180,1,0.0004809751128722078,4,2.040687239219401
ΒΚΜ12326,1,0.00043533576760897537,2,0.5788275760285818
ΒΚΜ12520,1,0.10947641806582188,3,3.0
ΒΚΜ12744,1,0.00047842691230411995,2,1.6275507599954422
ΒΚΜ12903,3,0.40442492020327125,6,2.2650065204638894
ΒΚΜ12915,1,0.0004931083388628032,3,1.8733346399848396
ΒΚΜ12959,1,0.00045884812488176436,3,3.0
ΒΚΜ13136,1,0.003580900418204687,7,5.337937894488026
ΒΚΜ13155,1,0.008630882105252953,4,3.1069942224466023
ΒΚΜ13296,1,0.029898080384654368,1,1.0
ΒΚΜ13310,1,0.3394427126693615,6,5.9855861073224625
ΒΚΜ13663,1,0.12111263185266069,1,1.0
ΒΚΜ13710,1,0.002934825091459277,8,5.7671050119680185
ΒΚΜ13711,1,0.00271262660870188,2,1.293325064184705
ΒΚΜ13737,1,0.0032659291111953865,1,1.0
ΒΚΜ13850,1,0.004405459406298191,2,1.8633062837545262
ΒΚΜ13887,1,0.002934825091459277,8,5.7671050119680185
ΒΚΜ13888,1,0.014610139210006631,0,0.0
ΒΚΜ13918,1,0.02198951224365981,4,3.410297373614808
ΒΚΜ14018,1,0.006520109216964065,5,3.9941521552374835
ΒΚΜ14195,1,0.6820296218198211,1,1.0
ΒΚΜ14200,1,0.0334155471562446,6,5.197658443740216
ΒΚΜ14201,2,0.08296798268354398,7,4.436768588929472
ΒΚΜ14259,1,0.03466707655421162,3,2.167461665110823
ΒΚΜ14260,1,0.6820296218198211,1,1.0
ΒΚΜ14280,1,0.034760459353898265,4,4.0
ΒΚΜ14313,1,0.4919305014472382,4,4.0
ΒΚΜ14468,1,0.0578504808383866,3,2.034464610351908
ΒΚΜ14469,1,0.035644379756882026,2,2.0
ΒΚΜ14470,1,0.0334155471562446,6,5.197658443740216
ΒΚΜ14479,2,0.0929569481223971,7,3.318927778726872
ΒΚΜ14480,1,0.7238475062119328,1,1.0
ΒΚΜ14547,1,0.0578504808383866,3,2.034464610351908
ΒΚΜ14561,1,0.046196560739510194,2,1.6923409504781215
ΒΚΜ14569,1,0.035644379756882026,2,2.0
ΒΚΜ14570,1,0.062454212542742124,3,2.5502235354079597
ΒΚΜ14582,1,0.062454212542742124,3,2.5502235354079597
ΒΚΜ14583,1,0.14383827404251504,6,5.4838377679829815
ΒΚΜ14691,1,0.49705688573540485,3,2.4632260241056767
ΒΚΜ14742,1,0.20663817625504502,2,1.672400469128549
ΒΚΜ14783,1,0.2451935489381267,4,3.340955317436817
ΒΚΜ14813,1,0.4919305014472382,4,4.0
ΒΚΜ14815,1,0.4919305014472382,4,4.0
ΒΚΜ14816,1,0.14383827404251504,6,5.4838377679829815
ΒΚΜ14820,1,0.14383827404251504,6,5.4838377679829815
ΒΚΜ14822,1,0.14383827404251504,6,5.4838377679829815
ΒΚΜ14826,1,0.2451935489381267,4,3.340955317436817
ΒΚΜ14827,1,0.14383827404251504,6,5.4838377679829815
ΒΚΜ14840,1,0.3394427126693615,6,5.9855861073224625
ΒΚΜ9043,1,0.012580331952486298,2,1.2478929628643338
ΒΚΜΨ0927,1,0.0028809007425833967,0,0.0
ΒΚΜΨ1267,1,0.0028629198192649777,0,0.0
ΒΚΜΨ1885,1,0.004341418974312728,2,1.0239256823320242
ΒΚΜΨ4141,1,0.031129935743346313,0,0.0
ΒΚΜΨ4701,1,0.00045884812488176436,3,3.0
ΒΚΜΨ4914,1,0.0005746348606476847,3,1.2463277785439308
ΒΚΜΨ4915,1,0.0004941040076403445,3,2.724749154031528
ΒΚΜΨ5204,1,0.0032659291111953865,1,1.0
ΒΚΜΨ5342,1,0.0018419528006944652,5,4.3408714866839
ΕΔ709001,1,0.00956020701309396,3,2.4120699862138846
ΕΔ711000,2,0.13811477058163021,5,2.630178043684146
ΕΝ030630,1,0.00018181967297466905,0,0.0
ΙΤ08538,8,0.008065737076726967,5,0.5791702025628642
ΙΤ09445,17,0.01563520222639208,5,0.2767909005387293
ΙΤ17253,5,0.1288117410433681,5,1.5305628249090566
ΙΤ21161,3,0.14715774827242423,0,0.0
Κ2-1-200,1,0.5879919688095383,0,0.0
ΚΑ110321,1,0.007145519068152775,16,12.198788792765292
ΚΑ110352,1,0.0021247376482296646,2,0.8559509056032073
ΚΑ110598,1,0.000185122905666675,0,0.0
ΚΑ110710,1,0.12254257006475344,0,0.0
ΚΑ110895,2,0.005290704140738182,6,2.593733501625234
ΚΑ111109,1,0.0004974058273550317,2,2.0
ΚΑ111113,1,9.650881377378137e-05,1,1.0
ΚΑ111441,1,0.4916579449232618,0,0.0
ΚΑ111632,1,0.002011948402454887,0,0.0
ΚΑ111687,2,0.005620601889263405,3,1.405675441628551
ΚΑ112028,1,0.00019309727944773065,2,0.5643341354750006
ΚΑ112059,1,0.12016636057417311,1,0.44916498504038965
ΚΑ112134,1,0.12128471330753457,1,0.45876511531778236
ΚΑ112158,1,0.007145519068152775,16,12.198788792765292
ΚΑ112240,1,0.0003881066002440153,0,0.0
ΚΑ112486,3,0.036871643123054604,4,0.9386109646957915
ΚΑ112516,1,0.1566471415369775,0,0.0
ΚΑ112523,1,0.025526366185097633,2,1.3433093630980308
ΚΑ112561,1,9.186550029561748e-05,4,1.8661416355654534
ΚΑ112714,1,0.002035155887522058,2,1.4777137876895945
ΚΑ112783,2,0.03050551642747025,1,0.08381851889446904
ΚΑ112851,1,0.00018376705783234616,0,0.0
ΚΑ112877,1,0.1212466619574904,0,0.0
ΚΑ112967,1,9.650881377378137e-05,1,1.0
ΚΑ113011,2,0.038566352688155316,0,0.0
ΚΑ113025,1,0.00017693406638400925,0,0.0
ΚΑ113099,2,0.6837152937453472,2,0.026006932778954463
ΚΑ113100,2,0.00022699467917180886,0,0.0
ΚΑ113124,1,0.5211957881981643,0,0.0
ΚΑ113742,1,0.0004968111489676685,4,2.5212150752102556
ΚΑ113803,1,0.0004969541195233993,7,4.068211978980469
ΚΑ113858,1,0.00198159374642762,0,0.0
ΚΑ113896,1,0.0005790523915422066,0,0.0
ΚΑ113899,1,0.0022022454538091147,6,3.2364034845054843
ΚΑ113966,1,0.10737291940726873,0,0.0
ΚΑ114084,1,0.001801341602855455,1,0.44870685315038805
ΚΑ114183,1,0.002395391965668588,0,0.0
ΚΑ114244,1,0.0026502248970673493,0,0.0
ΚΑ114312,2,0.5003547672208726,16,1.5630105462837627
ΚΑ114315,1,0.026967557767731947,3,1.957124872289622
ΚΑ114350,1,0.1240559625861845,0,0.0
ΚΑ114369,1,0.071476290647523,0,0.0
ΚΑ114399,2,0.011924926104367782,19,11.023494040071908
ΚΑ114422,1,0.007145519068152775,16,12.198788792765292
ΚΑ114428,1,0.1243701837825533,1,0.6963423958161482
ΚΑ114541,1,0.3011240924281111,0,0.0
ΚΑ114585,2,0.1759407885382211,4,2.6025718142694085
ΚΑ114615,2,1.4916453198094421,2,1.2547853977377046
ΚΑ114657,1,0.7131976946948922,0,0.0
ΚΑ114664,1,0.08880968654256041,0,0.0
ΚΑ114677,1,0.13378173009874605,0,0.0
ΚΑ114787,1,0.05398046672660592,1,1.0
ΚΑ114848,1,0.04967953909517825,0,0.0
ΚΑ114966,1,0.10303789016207321,0,0.0
ΚΑ617144,1,0.12391260507119468,1,0.6283034199053732
ΚΑΠΛΑ/Μ001,3,0.015882603737777317,10,1.9201041999632884
ΚΛΟΥΖ/Μ014,1,0.0004952429471420683,1,1.0
ΚΟΝ543153,6,0.0010192584791936133,3,0.2895847938335163
ΚΟΡ20800,2,0.007463791899482969,2,1.0731957006888122
Μ1-0-008,6,0.6627558953327639,40,7.305618352993951
Μ1-0-031,1,0.010386760297140757,9,3.4980370044710214
Μ1-0-040,4,1.7409209970773607,10,1.3767182540479381
ΜΑΓΚΑ/Μ001,1,0.032006118415096034,1,1.0
ΜΕΤ80413,1,0.11329192709877596,4,2.4986896434361268
ΜΕΤ80470,1,0.0006271531760130288,1,0.23808367473837946
ΜΕΤ80665,1,0.08650642653381638,0,0.0
ΜΕΤ80849,2,0.00984167366958486,7,3.0182193317603225
ΜΕΤ80983,1,0.006522847126625128,3,3.0
ΜΕΤ80984,1,0.00043874809139706687,2,1.7494394577230366
ΜΕΤ81088,1,0.0019151979016618762,2,1.526069595819605
ΜΕΤ81233,1,0.032336146676172316,5,5.0
ΜΕΤ81240,1,0.0034712740054938514,7,4.675967585031258
ΜΕΤ81295,1,0.008365132687270928,4,2.9384390954717183
ΜΕΤ81350,1,0.03911962710666863,1,1.0
ΜΕΤ81351,1,0.0024780586571360036,3,0.7865822251154415
ΜΕΤ81354,1,0.001489029882767902,3,1.8459285793592266
ΜΕΤ81355,1,0.3394427126693615,6,5.9855861073224625
ΜΕΤ81437,1,0.07312541185088169,2,2.0
ΜΕΤ81496,3,0.007304064603087506,10,2.6230351216635146
ΜΕΤ81497,1,0.0690036688594246,2,1.675738180396809
ΜΕΤ81602,1,0.0037766046653868518,0,0.0
ΜΕΤ81603,1,0.004779407036215008,3,1.8535067556231217
ΜΕΤ81625,1,0.00017982204507649714,1,0.1591037023986161
ΜΕΤ81641,1,0.00044762181372899883,5,4.19495812659677
ΜΕΤ81650,1,0.00021111782606269742,5,5.0
ΜΕΤ81763,1,0.0006288861607478067,0,0.0
ΜΕΤ81804,1,0.0009636355360593514,5,3.446682725636081
ΜΕΤ81805,2,0.0028788334377212277,7,3.6330347691067124
ΜΕΤ81816,2,0.0007654511944419629,7,4.2485070433060805
ΜΕΤ81837,5,0.05630219546061754,15,5.128781874090684
ΜΕΤ81862,7,1.2361933674322143,24,5.336672414751743
ΜΕΤ81863,9,0.3416846867947282,28,6.154641407349167
ΜΕΤ81874,1,0.008833461041499424,1,0.4875517788684371
ΜΕΤ81892,1,0.06695457157804129,7,6.314411700851829
ΜΕΤ81895,1,0.07312541185088169,2,2.0
ΜΕΤ81896,1,0.03911962710666863,1,1.0
ΜΕΤ81897,1,0.015032813744026112,1,0.9728800280509547
ΜΕΤ81906,1,0.00018438164930969735,0,0.0
ΜΕΤ81907,1,0.0008216185974245432,6,3.193713741610524
ΜΕΤ81908,2,0.0007811638381941897,4,2.0258176664200316
ΜΕΤ81909,2,0.0008344986672689887,5,1.8662100220346918
ΜΕΤ81919,1,0.00042515645239218095,6,3.41122959292738
ΜΕΤ81973,1,0.000512158233946993,1,1.0
ΜΕΤ81982,1,0.003665865537001674,1,1.0
ΜΕΤ82008,1,0.00012206301981455954,2,1.7182766412869799
ΜΕΤ82058,1,0.000414375508003662,1,0.6989569882026686
ΜΕΤ82092,3,0.030846929623729234,10,2.6284638398382674
ΜΕΤ82147,1,0.0005065420802346903,2,0.07042143300431075
ΜΕΤ82183,1,0.0019334653075525011,1,0.2289928625673659
ΜΕΤ82227,1,0.0007193714764629081,15,10.65553473536184
ΜΕΤ82236,2,0.20629248658525717,9,6.36753391097847
ΜΕΤ82270,6,0.8552987425199547,18,5.235931888929949
ΜΕΤ82284,1,0.0007193714764629081,15,10.65553473536184
ΜΕΤ82301,3,0.03144553121498699,9,3.794294486335638
ΜΕΤ82327,3,0.06557388965744146,3,0.6974860901757292
ΜΕΤ82349,1,0.0004931083388628032,3,1.8733346399848396
ΜΕΤ82357,2,0.09474535935264543,6,3.522946413127419
ΜΕΤ82359,1,0.00025717118153828613,3,1.2858761281035118
ΜΕΤ82361,1,0.0004468184521246776,2,1.8871639870556134
ΜΕΤ82474,1,0.0004948483502260406,6,5.9170473046579275
ΜΕΤ82481,1,0.000495042053767778,2,1.660274266255951
ΜΕΤ82492,1,0.0004125468839360427,0,0.0
ΜΕΤ82522,1,0.18452303466319234,4,2.8077641928206827
ΜΕΤ82541,3,0.06903685305239449,7,1.5926890354640033
ΜΕΤ82542,1,0.12807794646708484,0,0.0
ΜΕΤ82588,1,0.00213518580037683,7,4.632431747330252
ΜΕΤ82624,1,0.001942336783748656,4,3.1893725480019466
ΜΕΤ82651,1,0.062454212542742124,3,2.5502235354079597
ΜΕΤ82729,1,0.030344151685367294,4,3.1955070245562704
ΜΕΤ82751,1,0.006520109216964065,5,3.9941521552374835
ΜΕΤ82796,1,0.0063644845213705606,1,0.12181829131590023
ΜΕΤ82803,1,0.0034712740054938514,7,4.675967585031258
ΜΕΤ82915,1,0.0029710796427149548,2,0.7529119812593323
ΜΕΤ82939,1,0.03381324352053594,3,3.0
ΜΕΤ82942,3,0.05320937779762101,6,3.0623258663145885
ΜΕΤ83018,1,0.7436760828031892,0,0.0
ΜΕΤ83034,1,0.032336146676172316,5,5.0
ΜΕΤ83035,1,0.032336146676172316,5,5.0
ΜΕΤ83072,1,0.04989421682127688,4,3.7910651715747257
ΜΕΤ83073,1,0.04989421682127688,4,3.7910651715747257
ΜΕΤ83170,2,0.046342027910780646,0,0.0
ΜΕΤ83171,4,0.17776830062919385,11,4.48128896452779
ΜΕΤ83172,1,0.03774450202344899,2,1.4987778197898065
ΜΕΤ83173,1,0.13983767228065702,8,6.142110569238839
ΜΕΤ83182,2,0.3494438030677609,7,5.937214276037208
ΜΕΤ83198,1,0.030472325901853795,5,3.482185615427265
ΜΕΤ83214,2,0.753936085594286,10,6.233229100668602
ΜΕΤ83235,2,0.13498478163234157,1,0.1853295955597951
ΜΕΤ83326,1,0.2091046896293852,5,4.532335111603581
ΜΕΤ83343,1,0.05398046672660592,1,1.0
ΜΕΤ83356,1,0.0334155471562446,6,5.197658443740216
ΜΕΤ83433,1,0.0334155471562446,6,5.197658443740216
ΜΕΤ83434,1,0.032336146676172316,5,5.0
ΜΕΤ83435,1,0.05220168305719904,6,5.541894935738977
ΜΕΤ83466,1,0.6341681916964499,1,1.0
ΜΕΤ83469,1,0.6341681916964499,1,1.0
ΜΕΤ83537,1,0.0334155471562446,6,5.197658443740216
ΜΕΤ83538,2,0.08296798268354398,7,4.436768588929472
ΜΕΤ83542,1,0.07542229917662627,2,1.597727083313961
ΜΕΤ83544,3,0.7589705874765931,8,3.1520801336222206
ΜΕΤ83545,2,0.9592129534819185,7,4.420775426655465
ΜΕΤ83548,3,1.4536740810152287,1,0.12990713917456093
ΜΕΤ83557,1,0.03381324352053594,3,3.0
ΜΕΤ83560,1,0.05220168305719904,6,5.541894935738977
ΜΕΤ83566,3,0.1915747227439534,9,4.699672278075517
ΜΕΤ83606,1,0.029898080384654368,1,1.0
ΜΕΤ83656,1,0.4747035695965595,1,0.07423534719072473
ΜΕΤ83665,1,0.058523316332186145,1,0.9839858948725828
ΜΕΤ83670,1,0.2931144681442747,3,1.9176194162773479
ΜΕΤ83672,1,0.08424316282676338,1,1.0
ΜΕΤ83682,2,0.16857276624812778,14,7.698098102353201
ΜΕΤ83686,1,0.05220168305719904,6,5.541894935738977
ΜΕΤ83708,2,0.0624217611201375,4,2.1571120233862264
ΜΕΤ83711,1,0.25040217481203547,5,4.551156258960133
ΜΕΤ83729,1,0.06695457157804129,7,6.314411700851829
ΜΕΤ83731,1,0.10947641806582188,3,3.0
ΜΕΤ83732,1,0.4919305014472382,4,4.0
ΜΕΤ83734,1,0.4941695827803513,1,0.760114624356462
ΜΕΤ83735,1,0.9013624726435319,4,3.823274953812744
ΜΕΤ83749,1,0.34694688378064,5,4.678895553073032
ΜΕΤ83750,1,0.34694688378064,5,4.678895553073032
ΜΕΤ83796,1,0.06695457157804129,7,6.314411700851829
ΜΕΤ83810,1,0.22764336676328864,1,0.42912547331835427
ΜΕΤ83811,1,0.34694688378064,5,4.678895553073032
ΜΕΤ83812,2,0.7938729456272159,9,6.3454441915459805
ΜΕΤ83870,1,0.12293253272663782,13,8.554700339814392
ΜΕΤ83879,1,0.2931144681442747,3,1.9176194162773479
ΜΕΤ83928,3,0.7954294998510563,6,3.728376875821482
ΜΕΤ83991,2,0.1359582404374659,9,6.039183858277818
ΜΕΤ83992,1,0.7453052034890331,6,5.833028474669904
ΜΕΤ84042,1,0.4137045014943546,3,2.6680464998487463
ΜΕΤ84043,1,0.2793440806002891,2,2.0
ΜΕΤ84051,1,0.2793440806002891,2,2.0
ΜΕΤ84113,1,0.12829765191056308,2,1.5980815974747031
ΜΕΤ84114,1,0.12829765191056308,2,1.5980815974747031
ΜΕΤ84116,1,0.2259462391431619,0,0.0
ΜΕΤ84134,1,0.2793440806002891,2,2.0
ΜΕΤ84144,1,0.34694688378064,5,4.678895553073032
ΜΕΤ84176,1,0.07542229917662627,2,1.597727083313961
ΜΙΝ00037,1,0.1306776403330223,1,0.08267000901298834
ΜΙΝ00050,1,0.7625240745918945,0,0.0
ΜΙΝ01146,1,0.00018306657135854572,1,0.14531525324499855
ΜΙΝ01150,1,0.00021111782606269742,5,5.0
ΜΙΝ01165,1,0.00018493607171317437,3,1.1040749715667597
ΜΙΝ01197,1,0.05220168305719904,6,5.541894935738977
ΜΙΝ01203,1,0.046267405503119766,4,2.7752972480477833
ΜΙΝ01359,1,0.00021111782606269742,5,5.0
ΜΙΝ01368,1,0.34694688378064,5,4.678895553073032
ΜΙΝ01370,1,0.05705857030054004,4,3.9709026005056867
ΜΙΝ04118,1,0.022282400049560558,0,0.0
ΜΙΝ04119,1,0.009039635574203219,5,4.306860040331108
ΜΙΝ04122,1,0.02198951224365981,4,3.410297373614808
ΜΙΝ04127,1,0.7453052034890331,6,5.833028474669904
ΜΙΝ04132,2,0.10358671340631495,2,1.5506038822453991
ΜΙΝ04140,1,0.4919305014472382,4,4.0
ΜΙΝ04141,1,0.7453052034890331,6,5.833028474669904
ΜΙΝ11165,2,0.009468740259736798,8,3.7533001355776467
ΜΙΝ11166,1,0.001942336783748656,4,3.1893725480019466
ΜΙΝ11167,2,0.001932293109591981,8,3.0872360269999506
ΜΙΝ11172,1,0.00019941172685433744,3,1.3113562899970095
ΜΙΝ11188,1,0.006721362195080922,4,2.539961374849877
ΜΙΝ11205,2,0.0875641305780504,2,1.2095073696047627
ΜΙΝ11210,1,0.4058140341624615,4,3.573406665564576
ΜΙΝ11213,1,0.49705688573540485,3,2.4632260241056767
ΜΙΝ11214,1,0.03337626544735838,2,1.7312247146965032
ΜΙΝ11220,2,0.38074122398398347,7,5.014322829105039
ΜΙΝ14212,1,0.012329280648824735,3,1.8028117292503265
ΜΙΝ14223,1,0.0004784866878860144,3,0.9171301308774095
ΜΙΝ14230,1,0.0005306124671413688,2,0.3296011672318999
ΜΙΝ14231,1,0.0034712740054938514,7,4.675967585031258
ΜΙΝ14234,1,0.0034712740054938514,7,4.675967585031258
ΜΙΝ14237,1,0.00026188362303670196,7,4.0568083507740695
ΜΙΝ14247,4,0.031681063252360676,11,1.101398804896672
ΜΙΝ14251,1,0.0007403704292727699,2,0.8001779076253464
ΜΙΝ14265,1,0.007132154292165797,4,1.5187486328699353
ΜΙΝ14281,1,0.005454412798111878,7,6.218271175858709
ΜΙΝ14282,1,0.004297473100772355,1,0.6939122527015297
ΜΙΝ14325,1,0.03381324352053594,3,3.0
ΜΙΝ14340,1,0.2091046896293852,5,4.532335111603581
ΜΙΝ14341,1,0.2091046896293852,5,4.532335111603581
ΜΙΝ14342,1,0.2091046896293852,5,4.532335111603581
ΜΙΝ14343,1,0.2091046896293852,5,4.532335111603581
ΜΙΝ14347,1,0.0359700479785588,2,1.2050744671520586
ΜΙΝ14360,2,0.053155100430308536,2,1.8135803372294783
ΜΙΝ14443,1,0.18452303466319234,4,2.8077641928206827
ΜΙΝ2038-6192,2,0.004774476092836138,1,0.34480432243886877
ΜΙΝ22578,1,0.00018768664370317844,1,1.0
ΜΙΝ22602,1,0.0004524440439455849,2,1.8449585270293931
ΜΙΝ22604,1,0.0004594081587724387,1,0.14078395775249053
ΜΙΝ22605,2,0.0009855518781746967,8,3.3025104919704305
ΜΙΝ2534-9945,4,0.009162237928777935,4,1.3135867067716527
ΜΙΝ29003,2,0.06044371960594107,4,1.248783516052831
ΜΙΝ30317,2,0.3301107430125476,2,0.8894552173143359
ΜΙΝ32023,4,0.051677670931232544,1,0.017244402225832796
ΜΙΝ32024,2,0.06052984430603389,11,5.185512995769619
ΜΙΝ60478,1,0.0020168501587979593,2,0.943142872798295
ΜΙΝ60568,1,0.0036878296484431877,3,2.9464874565094905
ΜΙΝ60773,2,0.0003562372775743819,6,1.835284895575903
ΜΙΝ60826,1,0.0009360603339171168,2,0.6409536897878289
ΜΙΝ60853,1,0.0001997451992589293,2,1.7069343244327648
ΜΙΝ60857,1,0.00011375294347357149,0,0.0
ΜΙΝ60873,2,0.0009012419533801636,1,0.30584767359706194
ΜΙΝ60877,1,0.04786151539953348,5,3.4753193869626613
ΜΙΝ60939,1,0.0034157747644114884,2,1.233410636643168
ΜΙΝ60995,1,0.002993256241144315,2,1.4040775442027098
ΜΙΝ61008,2,0.004117817098756859,5,2.6736463692157426
ΜΙΝ61029,3,0.08335651724939462,13,5.271415423831234
ΜΙΝ61064,1,0.03337626544735838,2,1.7312247146965032
ΜΙΝ61067,1,0.004440259231143752,2,1.3044210834645258
ΜΙΝ61068,1,0.007849355936591135,1,1.0
ΜΙΝ61094,1,0.004405459406298191,2,1.8633062837545262
ΜΙΝ61095,1,0.01541026645333202,3,2.426038061825119
ΜΙΝ61103,1,0.006042100838261152,2,0.6994821732619442
ΜΙΝ61109,2,0.16281018662145877,13,4.717540743813456
ΜΙΝ61115,1,0.006785397495907042,1,0.8832209845679441
ΜΙΝ61119,1,0.02005754005217596,3,2.331085102471726
ΜΙΝ61120,1,0.015212294004944144,3,3.0
ΜΙΝ61188,2,0.03624006201664501,14,8.80843220339296
ΜΙΝ61224,1,0.12293253272663782,13,8.554700339814392
ΜΙΝ61228,1,0.748839548146502,2,2.0
ΜΙΝ61231,1,0.015212294004944144,3,3.0
ΜΙΝ61232,1,0.015212294004944144,3,3.0
ΜΙΝ61237,1,0.046196560739510194,2,1.6923409504781215
ΜΙΝ61240,2,0.18925101635779898,2,1.46169611112222
ΜΙΝ61245,1,0.754326171945351,2,1.6148482429297273
ΜΙΝ61256,1,0.5654098067478773,7,6.103342207259433
ΜΙΝ61257,1,0.3394427126693615,6,5.9855861073224625
ΜΙΝ61258,3,0.4823654845020737,5,2.816292492137642
ΜΙΝ61260,1,0.7354615396053046,0,0.0
ΜΙΝ61264,2,1.951279215627474,2,1.2393414729868886
ΜΙΝ61266,1,0.13033904917194797,2,1.585089525647631
ΜΙΝ61268,3,1.133125184933557,15,5.078441195177014
ΜΙΝ61269,3,1.3562987641965618,17,4.077821759137184
ΜΙΝ61270,2,0.7378932686465541,14,6.42169466282045
ΜΙΝ61272,3,0.6937653520625428,17,5.176202806971436
ΜΙΝ61273,1,0.5287885790171689,9,4.28819863836934
ΜΙΝ61274,3,0.17380849894136763,14,5.534243440540486
ΜΙΝ61275,2,0.09637615688905041,5,2.993718591005348
ΜΙΝ61276,2,0.10460878367603492,6,3.263460759916865
ΜΙΝ61277,1,0.748839548146502,2,2.0
ΜΙΝ61278,1,0.10947641806582188,3,3.0
ΜΙΝ61279,1,0.754326171945351,2,1.6148482429297273
ΜΙΝ61366,1,0.7453052034890331,6,5.833028474669904
ΜΙΝ74207,1,0.00015950681057768956,2,1.1256271222407954
ΜΙΝ74209,1,0.009287469154325302,4,3.4081683542639656
ΜΙΝ85612,1,0.016182521964469045,11,9.969610592130207
ΜΙΝ85613,1,0.016182521964469045,11,9.969610592130207
ΜΙΝ85620,1,0.016182521964469045,11,9.969610592130207
ΜΙΝ85623,1,0.016182521964469045,11,9.969610592130207
ΜΙΝ85628,1,0.016182521964469045,11,9.969610592130207
ΜΙΝ85676,1,0.0550245274474838,4,3.2738283279023257
ΜΙΝ90069,2,0.002462895251749533,1,0.6443792155533145
ΜΙΝ90072,1,0.001022654630327971,1,0.6443792155533145
ΜΙΝ90079,1,0.00210936333639137,1,0.4798162075788619
ΜΙΝ90080,3,0.009349418952065305,0,0.0
ΜΙΝ90081,5,0.28794226748376206,0,0.0
ΜΙΝ90082,2,0.009749065686106496,1,0.505958068751064
ΜΙΝ90084,1,0.008053853655399136,0,0.0
ΜΙΝ90108,3,0.039663458998817916,0,0.0
ΜΙΝ90600,2,0.06077311037283487,1,0.31420593289324444
ΜΙΝ95054,1,0.006522847126625128,3,3.0
ΟΝΟΜΑ/Μ002,2,0.015835422905724202,9,3.102535034998655
ΠΑ12.027,1,0.04989421682127688,4,3.7910651715747257
ΠΑ12.063,1,0.012624397563070223,3,1.5030469948572778
ΠΑ12.600,1,0.00956020701309396,3,2.4120699862138846
ΠΑ12.601,1,0.00045884812488176436,3,3.0
ΠΑ12.602,1,0.012329280648824735,3,1.8028117292503265
ΠΑ12.742,1,0.030528642726179143,0,0.0
ΠΑ412033,1,0.11142703129482365,4,3.1858411610943946
ΡΑΦΤΑ/Μ001,1,0.00047909158930513205,8,4.433906397691511
Σ33972,1,0.00019865175411024123,2,2.0
Σ33992,1,0.0010992383948023278,0,0.0
Σ33994,1,0.0005082800129036768,4,3.814878320246381
Σ33995,1,0.0001848402407677791,2,2.0
Σ33998,1,0.0001997451992589293,2,1.7069343244327648
Σ33999,1,9.01411061944844e-05,1,1.0
Σ34000,2,0.001224767686061857,4,1.6094172451273916
Σ34006,1,0.0001193786295834562,0,0.0
Σ34018,1,0.00019865175411024123,2,2.0
Σ34028,1,0.00044388903471531856,1,0.40267731058793416
Σ34058,1,0.00048023125892458784,3,1.2483519087078268
Σ34062,1,0.00048568542320461466,1,0.43520125950626104
Σ34076,1,0.0007193714764629081,15,10.65553473536184
Σ34101,1,0.032336146676172316,5,5.0
Σ34103,1,0.0007193714764629081,15,10.65553473536184
Σ38047,1,0.0003056941374505783,3,2.360936013570595
Τ0-1-020,1,0.38026735600929473,0,0.0
Τ0-1-509,1,0.9084592536710895,10,9.260610344693472
Τ3-0-040,1,0.07911649457285024,4,2.8053533431376434
Τ5-1-660,1,0.725075118593795,5,5.0
Τ5-1-671,1,0.33520564765276584,0,0.0
Τ5-1-673,1,0.03912241287292657,4,2.851087972765599
Τ6-0-513,1,0.30859654707658557,1,0.7143650757373489
ι14301,2,0.0011634429940568275,2,0.7029087485990613
ι14305,2,0.0009369904346032392,6,2.284815369708471
ι14721,2,0.0009394373874017443,2,0.6471561016522072
ι18000,4,0.0012822784863451495,1,0.08957909151474587
ι19604,2,0.47330015650216306,2,0.05700345729181581
